SpkrID,FileName
1,MSP-PODCAST_0023_0273.wav
1,MSP-PODCAST_0023_0001.wav
1,MSP-PODCAST_0014_0252.wav
1,MSP-PODCAST_0023_0397.wav
10,MSP-PODCAST_0135_0809.wav
10,MSP-PODCAST_0135_0008.wav
10,MSP-PODCAST_0135_0007.wav
10,MSP-PODCAST_0135_0038.wav
100,MSP-PODCAST_0079_0290.wav
100,MSP-PODCAST_0079_0144.wav
100,MSP-PODCAST_0079_0022.wav
100,MSP-PODCAST_0079_0482.wav
1000,MSP-PODCAST_1586_0009_0004.wav
1000,MSP-PODCAST_1586_0051_0003.wav
1000,MSP-PODCAST_1586_0009_0005.wav
1000,MSP-PODCAST_1586_0009_0003.wav
1001,MSP-PODCAST_1586_0050_0001.wav
1001,MSP-PODCAST_1586_0033_0003.wav
1001,MSP-PODCAST_1586_0033_0001.wav
1003,MSP-PODCAST_1664_0041_0001.wav
1003,MSP-PODCAST_1664_0031_0008.wav
1003,MSP-PODCAST_1664_0031_0002.wav
1003,MSP-PODCAST_1664_0031_0003.wav
1004,MSP-PODCAST_1618_0040_0006.wav
1004,MSP-PODCAST_1618_0014.wav
1005,MSP-PODCAST_1620_0003_0003.wav
1005,MSP-PODCAST_1620_0003_0001.wav
1005,MSP-PODCAST_1620_0007_0009.wav
1006,MSP-PODCAST_1616_0010.wav
1006,MSP-PODCAST_1626_0013.wav
1007,MSP-PODCAST_1626_0008_0001.wav
1008,MSP-PODCAST_1631_0038_0002.wav
1008,MSP-PODCAST_1631_0004_0007.wav
1008,MSP-PODCAST_1631_0004_0001.wav
1008,MSP-PODCAST_1631_0038_0004.wav
1009,MSP-PODCAST_1638_0094.wav
1009,MSP-PODCAST_1638_0027.wav
1009,MSP-PODCAST_1638_0020.wav
101,MSP-PODCAST_0079_0134.wav
101,MSP-PODCAST_0079_0030.wav
101,MSP-PODCAST_0079_0006.wav
101,MSP-PODCAST_0817_0002.wav
1011,MSP-PODCAST_1560_0020.wav
1011,MSP-PODCAST_1560_0004.wav
1012,MSP-PODCAST_1563_0002.wav
1012,MSP-PODCAST_1563_0018_0001.wav
1013,MSP-PODCAST_1576_0002.wav
1013,MSP-PODCAST_1576_0007.wav
1014,MSP-PODCAST_3001_0153.wav
1014,MSP-PODCAST_1576_0017_0001.wav
1014,MSP-PODCAST_1576_0024.wav
1014,MSP-PODCAST_3001_0006.wav
1015,MSP-PODCAST_1588_0016_0008.wav
1015,MSP-PODCAST_1588_0012_0002.wav
1016,MSP-PODCAST_1599_0001.wav
1016,MSP-PODCAST_1599_0019.wav
1017,MSP-PODCAST_1599_0008_0001.wav
1018,MSP-PODCAST_1613_0024_0012.wav
1018,MSP-PODCAST_1613_0024_0002.wav
1018,MSP-PODCAST_1613_0024_0009.wav
102,MSP-PODCAST_0783_0028.wav
102,MSP-PODCAST_0765_0109.wav
1020,MSP-PODCAST_1581_0023_0004.wav
1020,MSP-PODCAST_1581_0023_0005.wav
1021,MSP-PODCAST_1589_0014.wav
1021,MSP-PODCAST_1589_0035_0003.wav
1023,MSP-PODCAST_1632_0012.wav
1023,MSP-PODCAST_1632_0033_0001.wav
1025,MSP-PODCAST_1699_0137.wav
1025,MSP-PODCAST_1699_0172_0001.wav
1026,MSP-PODCAST_1699_0317_0006.wav
1026,MSP-PODCAST_1699_0212.wav
1026,MSP-PODCAST_1699_0218.wav
1026,MSP-PODCAST_1699_0315_0008.wav
1029,MSP-PODCAST_1665_0119_0007.wav
1029,MSP-PODCAST_1665_0119_0015.wav
1029,MSP-PODCAST_1665_0119_0002.wav
1029,MSP-PODCAST_1665_0119_0003.wav
103,MSP-PODCAST_0126_0490.wav
103,MSP-PODCAST_0126_0563.wav
1033,MSP-PODCAST_1625_0036_0007.wav
1033,MSP-PODCAST_1625_0019.wav
1033,MSP-PODCAST_1625_0023_0001.wav
1036,MSP-PODCAST_1692_0073_0004.wav
1036,MSP-PODCAST_1692_0112_0004.wav
1038,MSP-PODCAST_1663_0019_0001.wav
1038,MSP-PODCAST_1663_0011.wav
1038,MSP-PODCAST_1663_0118.wav
1039,MSP-PODCAST_1691_0014_0003.wav
1039,MSP-PODCAST_1690_0001_0005.wav
1039,MSP-PODCAST_1690_0001_0004.wav
1039,MSP-PODCAST_1691_0021_0001.wav
104,MSP-PODCAST_0126_0078.wav
104,MSP-PODCAST_0126_0359.wav
1042,MSP-PODCAST_3991_0074.wav
1042,MSP-PODCAST_1617_0019_0005.wav
1042,MSP-PODCAST_3991_0026.wav
1045,MSP-PODCAST_1642_0005_0003.wav
1045,MSP-PODCAST_1642_0025.wav
1045,MSP-PODCAST_1642_0005_0001.wav
1045,MSP-PODCAST_1642_0005_0002.wav
1046,MSP-PODCAST_1143_0003_0019.wav
1046,MSP-PODCAST_1143_0003_0005.wav
1046,MSP-PODCAST_1143_0003_0001.wav
1047,MSP-PODCAST_1151_0031_0002.wav
1047,MSP-PODCAST_1151_0065_0007.wav
1047,MSP-PODCAST_1151_0031_0001.wav
105,MSP-PODCAST_0372_0141.wav
105,MSP-PODCAST_0372_0069.wav
105,MSP-PODCAST_0372_0009.wav
1050,MSP-PODCAST_1151_0121.wav
1050,MSP-PODCAST_1151_0088.wav
1050,MSP-PODCAST_1151_0107_0010.wav
1051,MSP-PODCAST_0952_0044.wav
1051,MSP-PODCAST_0952_0027.wav
1056,MSP-PODCAST_1190_0005.wav
1056,MSP-PODCAST_1190_0002.wav
1057,MSP-PODCAST_1190_0010.wav
1057,MSP-PODCAST_1190_0035.wav
1059,MSP-PODCAST_1424_0001_0010.wav
1059,MSP-PODCAST_1424_0001_0007.wav
1059,MSP-PODCAST_1424_0001_0001.wav
1059,MSP-PODCAST_1424_0001_0016.wav
106,MSP-PODCAST_0372_0068.wav
106,MSP-PODCAST_0372_0058.wav
106,MSP-PODCAST_0372_0004.wav
106,MSP-PODCAST_0372_0172.wav
1062,MSP-PODCAST_0739_0123_0001.wav
1062,MSP-PODCAST_0739_0046_0002.wav
1062,MSP-PODCAST_0739_0162.wav
107,MSP-PODCAST_0361_0021.wav
107,MSP-PODCAST_0361_0006.wav
107,MSP-PODCAST_0361_0125.wav
107,MSP-PODCAST_0768_0090.wav
1076,MSP-PODCAST_0797_0019.wav
1079,MSP-PODCAST_1623_0024_0002.wav
1079,MSP-PODCAST_1623_0010_0003.wav
108,MSP-PODCAST_0325_0148.wav
108,MSP-PODCAST_0325_0003.wav
108,MSP-PODCAST_0325_0523.wav
1080,MSP-PODCAST_1752_0129.wav
1080,MSP-PODCAST_1752_0033.wav
1080,MSP-PODCAST_1752_0006.wav
1080,MSP-PODCAST_1752_0003.wav
1081,MSP-PODCAST_1748_0132.wav
1081,MSP-PODCAST_0642_0021.wav
1081,MSP-PODCAST_0642_0113.wav
1082,MSP-PODCAST_1749_0048.wav
1082,MSP-PODCAST_1749_0007.wav
1082,MSP-PODCAST_1749_0194.wav
1083,MSP-PODCAST_1747_0014.wav
1083,MSP-PODCAST_1747_0012.wav
1084,MSP-PODCAST_1748_0100.wav
1084,MSP-PODCAST_1748_0014.wav
1084,MSP-PODCAST_1748_0071.wav
1086,MSP-PODCAST_1750_0047.wav
1086,MSP-PODCAST_1750_0013.wav
1086,MSP-PODCAST_1750_0057.wav
109,MSP-PODCAST_0325_0340.wav
109,MSP-PODCAST_0325_0038.wav
109,MSP-PODCAST_0325_0034.wav
109,MSP-PODCAST_0325_0018.wav
1093,MSP-PODCAST_1751_0026.wav
1093,MSP-PODCAST_1751_0013.wav
1093,MSP-PODCAST_1751_0108.wav
1094,MSP-PODCAST_1760_0250.wav
1094,MSP-PODCAST_1760_0023.wav
1094,MSP-PODCAST_1760_0048.wav
1094,MSP-PODCAST_1760_0071.wav
1095,MSP-PODCAST_1763_0204.wav
1095,MSP-PODCAST_1763_0050.wav
1095,MSP-PODCAST_1763_0059.wav
1095,MSP-PODCAST_1763_0274.wav
1096,MSP-PODCAST_1768_0360.wav
1096,MSP-PODCAST_1767_0007.wav
1096,MSP-PODCAST_1767_0061.wav
1096,MSP-PODCAST_1767_0143.wav
1097,MSP-PODCAST_1627_0005_0002.wav
11,MSP-PODCAST_0135_0194.wav
11,MSP-PODCAST_0135_0052.wav
11,MSP-PODCAST_0135_0049.wav
1100,MSP-PODCAST_1756_0040.wav
1100,MSP-PODCAST_1757_0095.wav
1102,MSP-PODCAST_1757_0032.wav
1102,MSP-PODCAST_1756_0100.wav
1103,MSP-PODCAST_1602_0020_0009.wav
1103,MSP-PODCAST_1602_0020_0019.wav
1103,MSP-PODCAST_1602_0018_0006.wav
1104,MSP-PODCAST_1616_0005_0002.wav
111,MSP-PODCAST_0268_0008.wav
111,MSP-PODCAST_0268_0063.wav
111,MSP-PODCAST_0268_0019.wav
111,MSP-PODCAST_0269_0317.wav
1119,MSP-PODCAST_1713_0015_0005.wav
1119,MSP-PODCAST_1713_0015_0011.wav
1119,MSP-PODCAST_1713_0015_0018.wav
112,MSP-PODCAST_0310_0050.wav
112,MSP-PODCAST_0310_0030.wav
1120,MSP-PODCAST_1714_0036_0002.wav
1120,MSP-PODCAST_1713_0012.wav
1124,MSP-PODCAST_1706_0089_0387.wav
1124,MSP-PODCAST_1706_0089_0006.wav
1124,MSP-PODCAST_1706_0089_0003.wav
1124,MSP-PODCAST_1706_0089_0085.wav
114,MSP-PODCAST_0344_0338.wav
114,MSP-PODCAST_0344_0441.wav
114,MSP-PODCAST_0344_0305.wav
1142,MSP-PODCAST_1908_0182.wav
1142,MSP-PODCAST_1908_0196.wav
1142,MSP-PODCAST_1908_0257.wav
1143,MSP-PODCAST_1908_0380.wav
1143,MSP-PODCAST_1908_0324.wav
1143,MSP-PODCAST_1908_0325.wav
1143,MSP-PODCAST_1908_0389.wav
1144,MSP-PODCAST_1908_0532.wav
1144,MSP-PODCAST_1908_0521.wav
1145,MSP-PODCAST_1908_0710.wav
1145,MSP-PODCAST_1908_0730.wav
1146,MSP-PODCAST_1908_1205.wav
1146,MSP-PODCAST_1908_1194.wav
1146,MSP-PODCAST_1908_1240.wav
1147,MSP-PODCAST_1908_1384.wav
1147,MSP-PODCAST_1908_1388.wav
1148,MSP-PODCAST_1908_1537.wav
1148,MSP-PODCAST_1908_1518.wav
1148,MSP-PODCAST_1908_1513.wav
1149,MSP-PODCAST_1908_1673.wav
1149,MSP-PODCAST_1908_1663.wav
115,MSP-PODCAST_0024_0004.wav
115,MSP-PODCAST_0023_0342_0001.wav
115,MSP-PODCAST_0023_0342_0002.wav
115,MSP-PODCAST_0024_0393.wav
1150,MSP-PODCAST_1184_0054.wav
1150,MSP-PODCAST_1175_0019.wav
1150,MSP-PODCAST_1175_0029.wav
1151,MSP-PODCAST_1909_0128.wav
1151,MSP-PODCAST_1909_0035.wav
1151,MSP-PODCAST_1909_0980.wav
1152,MSP-PODCAST_1909_0936.wav
1152,MSP-PODCAST_1909_0021.wav
1152,MSP-PODCAST_1909_0012.wav
1152,MSP-PODCAST_2056_0388.wav
1160,MSP-PODCAST_2101_0208.wav
1160,MSP-PODCAST_2101_0210.wav
1161,MSP-PODCAST_2104_0038.wav
1161,MSP-PODCAST_2104_0174.wav
1161,MSP-PODCAST_2104_0170.wav
1162,MSP-PODCAST_2103_0351.wav
1162,MSP-PODCAST_2103_0340.wav
1163,MSP-PODCAST_2103_0540.wav
1163,MSP-PODCAST_2103_0525.wav
1164,MSP-PODCAST_2102_0198.wav
1164,MSP-PODCAST_2102_0184.wav
1165,MSP-PODCAST_2101_0219.wav
1167,MSP-PODCAST_1906_0029.wav
1167,MSP-PODCAST_1903_0006.wav
1167,MSP-PODCAST_1903_0004.wav
1167,MSP-PODCAST_1904_0012.wav
117,MSP-PODCAST_0171_0511.wav
117,MSP-PODCAST_0171_0074.wav
117,MSP-PODCAST_0171_0155.wav
117,MSP-PODCAST_0171_0027.wav
1179,MSP-PODCAST_1955_0003.wav
1179,MSP-PODCAST_1955_0001.wav
118,MSP-PODCAST_0171_0008.wav
118,MSP-PODCAST_0171_0056.wav
118,MSP-PODCAST_0171_0537.wav
1180,MSP-PODCAST_1962_0258.wav
1180,MSP-PODCAST_1962_0133.wav
1180,MSP-PODCAST_1962_0148.wav
1181,MSP-PODCAST_1892_0147.wav
1181,MSP-PODCAST_1892_0124.wav
1181,MSP-PODCAST_1892_0059.wav
1181,MSP-PODCAST_1892_0142.wav
1182,MSP-PODCAST_2030_0119.wav
1182,MSP-PODCAST_2030_0171.wav
1182,MSP-PODCAST_2030_0014.wav
1183,MSP-PODCAST_2223_0428.wav
1183,MSP-PODCAST_2217_1064.wav
1183,MSP-PODCAST_2218_0527.wav
1183,MSP-PODCAST_2233_0969.wav
1184,MSP-PODCAST_2218_0508.wav
1184,MSP-PODCAST_2218_0475.wav
1184,MSP-PODCAST_2218_0481.wav
1185,MSP-PODCAST_2218_0412.wav
1185,MSP-PODCAST_2217_0147.wav
1185,MSP-PODCAST_2217_0573.wav
1185,MSP-PODCAST_2218_0082.wav
1186,MSP-PODCAST_2231_0237.wav
1186,MSP-PODCAST_2217_0441.wav
1186,MSP-PODCAST_2218_0147.wav
1186,MSP-PODCAST_2217_0938.wav
1187,MSP-PODCAST_2230_1108.wav
1187,MSP-PODCAST_2217_0214.wav
1187,MSP-PODCAST_2217_0237.wav
1187,MSP-PODCAST_2219_0151.wav
1188,MSP-PODCAST_2245_0642.wav
1188,MSP-PODCAST_2244_0132.wav
1188,MSP-PODCAST_2244_0119.wav
1188,MSP-PODCAST_2247_0120.wav
1189,MSP-PODCAST_2248_0266.wav
1189,MSP-PODCAST_2244_0014.wav
1189,MSP-PODCAST_2244_0534.wav
1189,MSP-PODCAST_2244_0440.wav
119,MSP-PODCAST_0215_0152.wav
119,MSP-PODCAST_0215_0103.wav
119,MSP-PODCAST_0215_0012.wav
1190,MSP-PODCAST_2243_0288.wav
1190,MSP-PODCAST_2240_0726.wav
1190,MSP-PODCAST_2240_0403.wav
1190,MSP-PODCAST_2241_0700.wav
1191,MSP-PODCAST_2240_0427.wav
1191,MSP-PODCAST_2240_0039.wav
1191,MSP-PODCAST_2240_0034.wav
1191,MSP-PODCAST_2242_0604.wav
1193,MSP-PODCAST_2241_0691.wav
1193,MSP-PODCAST_2241_0555.wav
1195,MSP-PODCAST_2240_0159.wav
1195,MSP-PODCAST_2240_0017.wav
1195,MSP-PODCAST_2240_0158.wav
1195,MSP-PODCAST_2240_0665.wav
12,MSP-PODCAST_0135_0162.wav
12,MSP-PODCAST_0135_0044.wav
12,MSP-PODCAST_0140_0066.wav
1208,MSP-PODCAST_2057_0030.wav
1208,MSP-PODCAST_2057_0010.wav
1208,MSP-PODCAST_2057_0314.wav
1209,MSP-PODCAST_2269_0279.wav
1209,MSP-PODCAST_2269_0009.wav
1209,MSP-PODCAST_2269_0293.wav
1209,MSP-PODCAST_2269_0432.wav
121,MSP-PODCAST_0215_0203.wav
121,MSP-PODCAST_0215_0071.wav
121,MSP-PODCAST_0215_0487.wav
1210,MSP-PODCAST_2269_0824.wav
1210,MSP-PODCAST_2269_0086.wav
1210,MSP-PODCAST_2269_0198.wav
1210,MSP-PODCAST_2270_1224.wav
1211,MSP-PODCAST_1968_0053.wav
1211,MSP-PODCAST_1963_0050.wav
1211,MSP-PODCAST_1968_0049.wav
1213,MSP-PODCAST_2264_0029.wav
1213,MSP-PODCAST_2264_0283.wav
1213,MSP-PODCAST_2264_0063.wav
1214,MSP-PODCAST_2266_0343.wav
1214,MSP-PODCAST_2264_0198.wav
1214,MSP-PODCAST_2268_0357.wav
1215,MSP-PODCAST_0160_0923.wav
1215,MSP-PODCAST_2268_0048.wav
1215,MSP-PODCAST_2266_0392.wav
1217,MSP-PODCAST_2266_0365.wav
1217,MSP-PODCAST_2266_0103.wav
1217,MSP-PODCAST_2266_0146.wav
1218,MSP-PODCAST_2214_0071.wav
1218,MSP-PODCAST_2214_0008.wav
1218,MSP-PODCAST_2214_0054.wav
1218,MSP-PODCAST_2214_0160.wav
1219,MSP-PODCAST_2213_0397.wav
1219,MSP-PODCAST_2213_0528.wav
1219,MSP-PODCAST_2213_0041.wav
1219,MSP-PODCAST_2213_0092.wav
122,MSP-PODCAST_0187_0603.wav
122,MSP-PODCAST_0187_0144.wav
122,MSP-PODCAST_0187_0128.wav
1220,MSP-PODCAST_2210_0048.wav
1220,MSP-PODCAST_2210_0041.wav
1220,MSP-PODCAST_2210_0018.wav
1220,MSP-PODCAST_2210_0055.wav
1221,MSP-PODCAST_0913_1424.wav
1221,MSP-PODCAST_0902_0116.wav
1221,MSP-PODCAST_0899_0327.wav
1221,MSP-PODCAST_0924_0019.wav
1222,MSP-PODCAST_0904_0069.wav
1222,MSP-PODCAST_0900_0006.wav
1222,MSP-PODCAST_0899_0388.wav
1222,MSP-PODCAST_0901_0120.wav
1223,MSP-PODCAST_0913_2148.wav
1223,MSP-PODCAST_0914_0002.wav
1223,MSP-PODCAST_0914_0033.wav
1223,MSP-PODCAST_2207_0099.wav
1225,MSP-PODCAST_0938_0110.wav
1225,MSP-PODCAST_0933_0123.wav
1225,MSP-PODCAST_0934_0090.wav
1225,MSP-PODCAST_0935_0022.wav
1226,MSP-PODCAST_0927_0190.wav
1226,MSP-PODCAST_0929_0164.wav
1228,MSP-PODCAST_2314_0090.wav
1228,MSP-PODCAST_2314_0009.wav
1228,MSP-PODCAST_2314_0003.wav
1229,MSP-PODCAST_2319_0011.wav
1229,MSP-PODCAST_2319_0014.wav
1229,MSP-PODCAST_2319_0006.wav
123,MSP-PODCAST_0287_0021.wav
123,MSP-PODCAST_0287_0063.wav
1230,MSP-PODCAST_2319_0058.wav
1230,MSP-PODCAST_2319_0052.wav
1231,MSP-PODCAST_2319_0153.wav
1231,MSP-PODCAST_2319_0107.wav
1231,MSP-PODCAST_2319_0093.wav
1232,MSP-PODCAST_2319_0201.wav
1232,MSP-PODCAST_2319_0203.wav
1232,MSP-PODCAST_2319_0186.wav
1232,MSP-PODCAST_2319_0229.wav
1233,MSP-PODCAST_2319_0366.wav
1233,MSP-PODCAST_2319_0319.wav
1233,MSP-PODCAST_2319_0320.wav
1233,MSP-PODCAST_2319_0386.wav
1234,MSP-PODCAST_2313_0006.wav
1234,MSP-PODCAST_2313_0010.wav
1235,MSP-PODCAST_2313_0160.wav
1235,MSP-PODCAST_2313_0015.wav
1235,MSP-PODCAST_2313_0014.wav
1235,MSP-PODCAST_2313_0158.wav
1236,MSP-PODCAST_2313_0114.wav
1236,MSP-PODCAST_2313_0119.wav
1236,MSP-PODCAST_2313_0099.wav
1236,MSP-PODCAST_2313_0126.wav
1237,MSP-PODCAST_2324_0024.wav
1237,MSP-PODCAST_2324_0220.wav
1237,MSP-PODCAST_2324_0022.wav
1238,MSP-PODCAST_2324_0173.wav
1238,MSP-PODCAST_2324_0026.wav
1238,MSP-PODCAST_2324_0036.wav
1238,MSP-PODCAST_2324_0065.wav
1239,MSP-PODCAST_0227_0033.wav
1239,MSP-PODCAST_0217_0158.wav
1239,MSP-PODCAST_0217_0249.wav
1239,MSP-PODCAST_0221_0300.wav
1241,MSP-PODCAST_0199_0084.wav
1241,MSP-PODCAST_0187_0667.wav
1241,MSP-PODCAST_0187_0649.wav
1241,MSP-PODCAST_0194_0194.wav
1243,MSP-PODCAST_2347_1618.wav
1243,MSP-PODCAST_0298_0676.wav
1243,MSP-PODCAST_0299_0024.wav
1244,MSP-PODCAST_2350_0127.wav
1244,MSP-PODCAST_0298_0545.wav
1244,MSP-PODCAST_0298_0715.wav
1244,MSP-PODCAST_2350_0336.wav
1245,MSP-PODCAST_0312_0105.wav
1245,MSP-PODCAST_0306_0419.wav
1245,MSP-PODCAST_0304_0749.wav
1245,MSP-PODCAST_2350_0041.wav
1246,MSP-PODCAST_0367_1156.wav
1246,MSP-PODCAST_0368_1818.wav
1246,MSP-PODCAST_0367_1136.wav
1246,MSP-PODCAST_0368_1686.wav
1247,MSP-PODCAST_0466_0075.wav
1247,MSP-PODCAST_0452_0489.wav
1247,MSP-PODCAST_0452_0515.wav
1247,MSP-PODCAST_0454_0132.wav
1248,MSP-PODCAST_0363_0110.wav
1248,MSP-PODCAST_0367_0164.wav
1248,MSP-PODCAST_0365_0019.wav
1248,MSP-PODCAST_2348_0023.wav
1250,MSP-PODCAST_0778_0173.wav
1250,MSP-PODCAST_0762_0388.wav
1250,MSP-PODCAST_0760_0522.wav
1250,MSP-PODCAST_0762_0056.wav
1251,MSP-PODCAST_0805_0918.wav
1251,MSP-PODCAST_0805_0414.wav
1251,MSP-PODCAST_0805_1210.wav
1251,MSP-PODCAST_0805_2038.wav
1252,MSP-PODCAST_0805_1694.wav
1252,MSP-PODCAST_0805_1197.wav
1253,MSP-PODCAST_2346_0014.wav
1253,MSP-PODCAST_2346_0001.wav
1253,MSP-PODCAST_2346_0082.wav
1254,MSP-PODCAST_2346_0016.wav
1254,MSP-PODCAST_2346_0034.wav
1254,MSP-PODCAST_2346_0510.wav
1255,MSP-PODCAST_0633_0479.wav
1255,MSP-PODCAST_0633_0547.wav
1255,MSP-PODCAST_0633_0233.wav
1255,MSP-PODCAST_0642_0131.wav
1256,MSP-PODCAST_0645_0109.wav
1256,MSP-PODCAST_0634_0404.wav
1256,MSP-PODCAST_0634_0146.wav
1256,MSP-PODCAST_0642_0079.wav
1257,MSP-PODCAST_0660_1129.wav
1257,MSP-PODCAST_0661_0277.wav
1257,MSP-PODCAST_0660_1153.wav
1257,MSP-PODCAST_0662_0609.wav
126,MSP-PODCAST_0153_0124.wav
126,MSP-PODCAST_0160_0226.wav
126,MSP-PODCAST_0153_0121.wav
126,MSP-PODCAST_0153_0427.wav
1261,MSP-PODCAST_0670_0635.wav
1261,MSP-PODCAST_0670_0645.wav
1261,MSP-PODCAST_0670_0633.wav
1261,MSP-PODCAST_0677_0226.wav
1262,MSP-PODCAST_0660_0050.wav
1262,MSP-PODCAST_0658_0064.wav
1262,MSP-PODCAST_0660_0278.wav
1263,MSP-PODCAST_0649_0202.wav
1263,MSP-PODCAST_0655_0114.wav
1263,MSP-PODCAST_0650_0048.wav
1263,MSP-PODCAST_0650_0009.wav
1264,MSP-PODCAST_0807_1786.wav
1264,MSP-PODCAST_0807_1556.wav
1265,MSP-PODCAST_0807_1479.wav
1265,MSP-PODCAST_0807_1118.wav
1265,MSP-PODCAST_0807_1108.wav
1265,MSP-PODCAST_1884_0012.wav
1267,MSP-PODCAST_0806_1397.wav
1267,MSP-PODCAST_0806_1195.wav
1267,MSP-PODCAST_0806_0542.wav
1268,MSP-PODCAST_0895_0260_0001.wav
1269,MSP-PODCAST_0861_0053_0001.wav
1269,MSP-PODCAST_0809_2027.wav
1269,MSP-PODCAST_0828_0085_0002.wav
1269,MSP-PODCAST_0863_0215.wav
1270,MSP-PODCAST_0825_0021_0009.wav
1270,MSP-PODCAST_0809_2114.wav
1270,MSP-PODCAST_0810_0023.wav
1270,MSP-PODCAST_0825_0045_0003.wav
1272,MSP-PODCAST_1893_0561.wav
1272,MSP-PODCAST_1893_0089.wav
1272,MSP-PODCAST_1896_0262.wav
1277,MSP-PODCAST_1896_0357.wav
1277,MSP-PODCAST_1896_0294.wav
1277,MSP-PODCAST_1896_0298.wav
1278,MSP-PODCAST_1896_0280.wav
1278,MSP-PODCAST_1896_0288.wav
1278,MSP-PODCAST_1896_0387.wav
1286,MSP-PODCAST_2339_0114.wav
1286,MSP-PODCAST_2339_0023.wav
1286,MSP-PODCAST_2339_0107.wav
1286,MSP-PODCAST_2339_0303.wav
1287,MSP-PODCAST_2339_0213.wav
1287,MSP-PODCAST_2339_0068.wav
1288,MSP-PODCAST_2352_0080.wav
1288,MSP-PODCAST_2352_0003.wav
1288,MSP-PODCAST_2352_0004.wav
1288,MSP-PODCAST_2352_0077.wav
1289,MSP-PODCAST_2352_0116.wav
1289,MSP-PODCAST_2352_0008.wav
1289,MSP-PODCAST_2352_0104.wav
1289,MSP-PODCAST_2352_0130.wav
129,MSP-PODCAST_0504_0084_0007.wav
129,MSP-PODCAST_0504_0083.wav
129,MSP-PODCAST_0008_0128.wav
1290,MSP-PODCAST_2352_0036.wav
1290,MSP-PODCAST_2352_0040.wav
1290,MSP-PODCAST_2352_0035.wav
1291,MSP-PODCAST_2352_0340.wav
1291,MSP-PODCAST_2352_0334.wav
1291,MSP-PODCAST_2352_0333.wav
1291,MSP-PODCAST_2352_0404.wav
1292,MSP-PODCAST_2352_0613.wav
1292,MSP-PODCAST_2352_0585.wav
1292,MSP-PODCAST_2352_0593.wav
1294,MSP-PODCAST_2358_0005.wav
1294,MSP-PODCAST_2358_0004.wav
1294,MSP-PODCAST_2358_0006.wav
1294,MSP-PODCAST_2358_0019.wav
1296,MSP-PODCAST_2336_2097.wav
1296,MSP-PODCAST_2336_2123.wav
1296,MSP-PODCAST_2336_2057.wav
1296,MSP-PODCAST_2336_2113.wav
1297,MSP-PODCAST_2336_2243.wav
1297,MSP-PODCAST_2336_2201.wav
1297,MSP-PODCAST_2336_2203.wav
1299,MSP-PODCAST_2039_0111.wav
1302,MSP-PODCAST_0795_0440.wav
1302,MSP-PODCAST_0795_0720.wav
1302,MSP-PODCAST_0797_0047.wav
1303,MSP-PODCAST_0795_0111.wav
1303,MSP-PODCAST_0795_0629.wav
1304,MSP-PODCAST_1931_0251.wav
1304,MSP-PODCAST_1931_0125.wav
1304,MSP-PODCAST_0795_0676.wav
1304,MSP-PODCAST_1931_0184.wav
1308,MSP-PODCAST_2205_0320.wav
1308,MSP-PODCAST_2205_0171.wav
1308,MSP-PODCAST_2205_0318.wav
1310,MSP-PODCAST_2033_0071.wav
1310,MSP-PODCAST_2033_0130.wav
1311,MSP-PODCAST_2010_0039.wav
1311,MSP-PODCAST_2010_0051.wav
1312,MSP-PODCAST_2008_0020.wav
1312,MSP-PODCAST_2008_0032.wav
1312,MSP-PODCAST_2008_0013.wav
1312,MSP-PODCAST_2008_0042.wav
1313,MSP-PODCAST_1489_0015_0003.wav
1313,MSP-PODCAST_1638_0043_0002.wav
1313,MSP-PODCAST_1489_0027.wav
1313,MSP-PODCAST_1630_0015.wav
1315,MSP-PODCAST_1220_0009_0002.wav
1315,MSP-PODCAST_1210_0193.wav
1315,MSP-PODCAST_1212_0135.wav
1315,MSP-PODCAST_1218_0101.wav
1316,MSP-PODCAST_1650_0041_0007.wav
1316,MSP-PODCAST_1647_0004_0012.wav
1316,MSP-PODCAST_1650_0007_0005.wav
1316,MSP-PODCAST_1650_0041_0040.wav
1328,MSP-PODCAST_2397_0038.wav
1328,MSP-PODCAST_2397_0008.wav
1328,MSP-PODCAST_2397_0009.wav
1328,MSP-PODCAST_2397_0082.wav
1329,MSP-PODCAST_2396_0025.wav
1329,MSP-PODCAST_2396_0015.wav
1329,MSP-PODCAST_2396_0021.wav
1329,MSP-PODCAST_2396_0017.wav
1330,MSP-PODCAST_2398_0018.wav
1330,MSP-PODCAST_2054_1385.wav
1330,MSP-PODCAST_2034_0063.wav
1330,MSP-PODCAST_2034_0028.wav
1332,MSP-PODCAST_2028_0168.wav
1332,MSP-PODCAST_2001_0172.wav
1332,MSP-PODCAST_1999_0060.wav
1332,MSP-PODCAST_1999_0097.wav
1333,MSP-PODCAST_2395_0070.wav
1333,MSP-PODCAST_2395_0033.wav
1333,MSP-PODCAST_2395_0037.wav
1333,MSP-PODCAST_2395_0035.wav
1334,MSP-PODCAST_2395_0098.wav
1334,MSP-PODCAST_1998_0125.wav
1334,MSP-PODCAST_2001_0062.wav
1334,MSP-PODCAST_2006_0004.wav
1335,MSP-PODCAST_2393_0089.wav
1335,MSP-PODCAST_2393_0043.wav
1335,MSP-PODCAST_2393_0035.wav
1335,MSP-PODCAST_2393_0062.wav
1336,MSP-PODCAST_2394_0187.wav
1336,MSP-PODCAST_2394_0032.wav
1336,MSP-PODCAST_2394_0033.wav
1336,MSP-PODCAST_2394_0040.wav
1337,MSP-PODCAST_2394_0089.wav
1337,MSP-PODCAST_2394_0087.wav
1337,MSP-PODCAST_2394_0095.wav
1338,MSP-PODCAST_2392_0067.wav
1338,MSP-PODCAST_2392_0026.wav
1338,MSP-PODCAST_2392_0025.wav
1338,MSP-PODCAST_2392_0033.wav
1339,MSP-PODCAST_2391_0087.wav
1339,MSP-PODCAST_2391_0007.wav
1339,MSP-PODCAST_2391_0004.wav
1339,MSP-PODCAST_2391_0131.wav
1340,MSP-PODCAST_2391_0015.wav
1340,MSP-PODCAST_2391_0003.wav
1340,MSP-PODCAST_2391_0014.wav
1341,MSP-PODCAST_2391_0006.wav
1341,MSP-PODCAST_2391_0042.wav
1341,MSP-PODCAST_2391_0025.wav
1342,MSP-PODCAST_2391_0162.wav
1342,MSP-PODCAST_2391_0128.wav
1342,MSP-PODCAST_2391_0143.wav
1342,MSP-PODCAST_2391_0176.wav
1343,MSP-PODCAST_2385_0010.wav
1343,MSP-PODCAST_2385_0028.wav
1343,MSP-PODCAST_2385_0008.wav
1343,MSP-PODCAST_2385_0006.wav
1345,MSP-PODCAST_2378_0003.wav
1345,MSP-PODCAST_2378_0005.wav
1345,MSP-PODCAST_2378_0007.wav
1345,MSP-PODCAST_2378_0004.wav
1346,MSP-PODCAST_2380_0006.wav
1346,MSP-PODCAST_2380_0001.wav
1346,MSP-PODCAST_2380_0014.wav
1346,MSP-PODCAST_2380_0015.wav
1348,MSP-PODCAST_2387_0018.wav
1348,MSP-PODCAST_2387_0022.wav
1348,MSP-PODCAST_2387_0014.wav
135,MSP-PODCAST_0109_0223.wav
135,MSP-PODCAST_0416_0131.wav
135,MSP-PODCAST_0109_0171.wav
135,MSP-PODCAST_0418_0016.wav
1350,MSP-PODCAST_2379_0015.wav
1350,MSP-PODCAST_2379_0004.wav
1350,MSP-PODCAST_2379_0013.wav
1352,MSP-PODCAST_2379_0018.wav
1352,MSP-PODCAST_2379_0019.wav
1352,MSP-PODCAST_2379_0005.wav
1353,MSP-PODCAST_2407_0094.wav
1353,MSP-PODCAST_2407_0027.wav
1353,MSP-PODCAST_2407_0023.wav
1353,MSP-PODCAST_2407_0158.wav
1354,MSP-PODCAST_2409_0033.wav
1354,MSP-PODCAST_2409_0022.wav
1354,MSP-PODCAST_2409_0025.wav
1354,MSP-PODCAST_2409_0048.wav
136,MSP-PODCAST_0043_0759.wav
136,MSP-PODCAST_0415_0267.wav
136,MSP-PODCAST_0043_0850.wav
1365,MSP-PODCAST_2415_0094.wav
1365,MSP-PODCAST_2415_0093.wav
137,MSP-PODCAST_0116_0032.wav
137,MSP-PODCAST_0116_0058.wav
137,MSP-PODCAST_0116_0017.wav
137,MSP-PODCAST_0116_0082.wav
1373,MSP-PODCAST_2402_0040.wav
1373,MSP-PODCAST_2402_0018.wav
1373,MSP-PODCAST_2402_0028.wav
1373,MSP-PODCAST_2402_0065.wav
1374,MSP-PODCAST_2418_0049.wav
1374,MSP-PODCAST_2418_0041.wav
1374,MSP-PODCAST_2418_0035.wav
1374,MSP-PODCAST_2418_0012.wav
1375,MSP-PODCAST_2924_0193.wav
1375,MSP-PODCAST_2920_0047.wav
1375,MSP-PODCAST_2418_0462.wav
1375,MSP-PODCAST_2921_0185.wav
1376,MSP-PODCAST_0809_0268.wav
1376,MSP-PODCAST_0808_2018.wav
1376,MSP-PODCAST_0808_1393.wav
1376,MSP-PODCAST_0808_1454.wav
1378,MSP-PODCAST_2418_0230.wav
1378,MSP-PODCAST_2926_0368.wav
1378,MSP-PODCAST_2418_0147.wav
1379,MSP-PODCAST_2418_0272.wav
1379,MSP-PODCAST_2418_0056.wav
1379,MSP-PODCAST_2927_0217.wav
1380,MSP-PODCAST_2930_0209.wav
1380,MSP-PODCAST_2418_0060.wav
1380,MSP-PODCAST_2418_0339.wav
1380,MSP-PODCAST_2928_0326.wav
1381,MSP-PODCAST_2933_0223.wav
1381,MSP-PODCAST_2418_0395.wav
1381,MSP-PODCAST_2418_0404.wav
1381,MSP-PODCAST_2932_0340.wav
1383,MSP-PODCAST_2938_0275.wav
1383,MSP-PODCAST_2418_0069.wav
1383,MSP-PODCAST_2934_0244.wav
1383,MSP-PODCAST_2934_0249.wav
1384,MSP-PODCAST_2418_0451.wav
1384,MSP-PODCAST_2418_0118.wav
1384,MSP-PODCAST_2418_0128.wav
1384,MSP-PODCAST_2418_0182.wav
1389,MSP-PODCAST_2418_0387.wav
1389,MSP-PODCAST_2418_0210.wav
1389,MSP-PODCAST_2418_0386.wav
1389,MSP-PODCAST_2946_0205.wav
139,MSP-PODCAST_0363_0033.wav
139,MSP-PODCAST_0363_0036.wav
139,MSP-PODCAST_0363_0010.wav
139,MSP-PODCAST_0829_0002_0030.wav
1390,MSP-PODCAST_2946_0101.wav
1390,MSP-PODCAST_2946_0100.wav
1390,MSP-PODCAST_2946_0228.wav
1391,MSP-PODCAST_2408_0029.wav
1391,MSP-PODCAST_2408_0019.wav
1391,MSP-PODCAST_2408_0030.wav
1391,MSP-PODCAST_2408_0274.wav
1392,MSP-PODCAST_0435_0210.wav
1392,MSP-PODCAST_0435_0134.wav
1392,MSP-PODCAST_2417_0002.wav
1393,MSP-PODCAST_2951_0018.wav
1393,MSP-PODCAST_2417_0010.wav
1393,MSP-PODCAST_2417_0011.wav
1393,MSP-PODCAST_2950_0349.wav
1394,MSP-PODCAST_2417_0047.wav
1394,MSP-PODCAST_2417_0034.wav
1394,MSP-PODCAST_2417_0033.wav
1394,MSP-PODCAST_2417_0084.wav
1395,MSP-PODCAST_2950_0337.wav
1395,MSP-PODCAST_2417_0105.wav
1395,MSP-PODCAST_2417_0111.wav
1396,MSP-PODCAST_2388_0026.wav
1396,MSP-PODCAST_2388_0016.wav
1396,MSP-PODCAST_2388_0006.wav
1396,MSP-PODCAST_2388_0014.wav
1397,MSP-PODCAST_2389_0005.wav
1397,MSP-PODCAST_2389_0002.wav
1397,MSP-PODCAST_2389_0001.wav
1398,MSP-PODCAST_2389_0007.wav
1398,MSP-PODCAST_2389_0008.wav
1399,MSP-PODCAST_1180_0068.wav
1399,MSP-PODCAST_1175_0036_0002.wav
1399,MSP-PODCAST_1175_0054_0001.wav
1399,MSP-PODCAST_1180_0088.wav
14,MSP-PODCAST_0153_0142.wav
14,MSP-PODCAST_0153_0141.wav
14,MSP-PODCAST_0153_0006.wav
140,MSP-PODCAST_0793_0785.wav
140,MSP-PODCAST_0434_0341.wav
140,MSP-PODCAST_0433_0010.wav
140,MSP-PODCAST_0793_0287.wav
1401,MSP-PODCAST_1992_0005.wav
1401,MSP-PODCAST_1992_0004.wav
1401,MSP-PODCAST_1992_0022.wav
1402,MSP-PODCAST_1997_0030.wav
1402,MSP-PODCAST_1997_0097.wav
1402,MSP-PODCAST_2960_0358.wav
1403,MSP-PODCAST_1946_0380.wav
1403,MSP-PODCAST_2957_0187.wav
1403,MSP-PODCAST_2957_0161.wav
1404,MSP-PODCAST_1187_0081.wav
1404,MSP-PODCAST_1184_0089.wav
1404,MSP-PODCAST_1184_0137_0001.wav
1404,MSP-PODCAST_1198_0012_0002.wav
1405,MSP-PODCAST_2422_0239.wav
1405,MSP-PODCAST_2422_0283.wav
1405,MSP-PODCAST_2422_0263.wav
1405,MSP-PODCAST_2422_0236.wav
1406,MSP-PODCAST_2403_0065.wav
1406,MSP-PODCAST_1473_0012_0002.wav
1406,MSP-PODCAST_1252_0003.wav
1406,MSP-PODCAST_1275_0005.wav
1407,MSP-PODCAST_2405_0055.wav
1407,MSP-PODCAST_2405_0022.wav
1407,MSP-PODCAST_2405_0049.wav
1407,MSP-PODCAST_2405_0064.wav
1408,MSP-PODCAST_2404_0036.wav
1408,MSP-PODCAST_2404_0016.wav
1408,MSP-PODCAST_2404_0012.wav
1408,MSP-PODCAST_2404_0189.wav
1409,MSP-PODCAST_2412_0068.wav
1409,MSP-PODCAST_2412_0089.wav
1409,MSP-PODCAST_2412_0047.wav
1409,MSP-PODCAST_2412_0154.wav
1410,MSP-PODCAST_2406_0068.wav
1410,MSP-PODCAST_2406_0077.wav
1410,MSP-PODCAST_2406_0019.wav
1410,MSP-PODCAST_2406_0020.wav
1411,MSP-PODCAST_1292_0048.wav
1411,MSP-PODCAST_1277_0031.wav
1411,MSP-PODCAST_1274_0002.wav
1411,MSP-PODCAST_1263_0006.wav
1415,MSP-PODCAST_1712_0016.wav
1415,MSP-PODCAST_1712_0001.wav
1416,MSP-PODCAST_2426_0044.wav
1416,MSP-PODCAST_2426_0055.wav
1416,MSP-PODCAST_2426_0033.wav
1416,MSP-PODCAST_2427_0197.wav
1417,MSP-PODCAST_2426_0021.wav
1417,MSP-PODCAST_2426_0006.wav
1417,MSP-PODCAST_2426_0026.wav
1417,MSP-PODCAST_2426_0008.wav
1418,MSP-PODCAST_2427_0004.wav
1418,MSP-PODCAST_2427_0009.wav
1418,MSP-PODCAST_2427_0039.wav
142,MSP-PODCAST_0110_0677.wav
142,MSP-PODCAST_0110_0296.wav
142,MSP-PODCAST_0110_0303.wav
142,MSP-PODCAST_1296_0015.wav
1420,MSP-PODCAST_2429_0022.wav
1420,MSP-PODCAST_2429_0012.wav
1420,MSP-PODCAST_2429_0003.wav
1420,MSP-PODCAST_2429_0083.wav
1421,MSP-PODCAST_2430_0004.wav
1421,MSP-PODCAST_2430_0003.wav
1421,MSP-PODCAST_2430_0005.wav
1422,MSP-PODCAST_2431_0041.wav
1422,MSP-PODCAST_2431_0008.wav
1422,MSP-PODCAST_2431_0017.wav
1424,MSP-PODCAST_2432_0077.wav
1424,MSP-PODCAST_2432_0097.wav
1424,MSP-PODCAST_2432_0011.wav
1424,MSP-PODCAST_2432_0168.wav
1425,MSP-PODCAST_2432_0020.wav
1425,MSP-PODCAST_2432_0042.wav
1425,MSP-PODCAST_2432_0055.wav
1426,MSP-PODCAST_2433_0004.wav
1426,MSP-PODCAST_2433_0048.wav
1426,MSP-PODCAST_2433_0062.wav
1428,MSP-PODCAST_2433_0087.wav
1428,MSP-PODCAST_2433_0037.wav
1428,MSP-PODCAST_2433_0011.wav
1428,MSP-PODCAST_2433_0013.wav
1429,MSP-PODCAST_2434_0007.wav
1429,MSP-PODCAST_2434_0009.wav
1429,MSP-PODCAST_2434_0158.wav
1430,MSP-PODCAST_2434_0044.wav
1430,MSP-PODCAST_2434_0043.wav
1430,MSP-PODCAST_2434_0073.wav
1431,MSP-PODCAST_2435_0071.wav
1431,MSP-PODCAST_2435_0017.wav
1431,MSP-PODCAST_2435_0032.wav
1431,MSP-PODCAST_2435_0046.wav
1432,MSP-PODCAST_2435_0327.wav
1432,MSP-PODCAST_2435_0065.wav
1432,MSP-PODCAST_2435_0132.wav
1432,MSP-PODCAST_2435_0056.wav
1433,MSP-PODCAST_2435_0216.wav
1433,MSP-PODCAST_2435_0089.wav
1433,MSP-PODCAST_2435_0078.wav
1433,MSP-PODCAST_2435_0076.wav
1434,MSP-PODCAST_2435_0098.wav
1434,MSP-PODCAST_2435_0103.wav
1434,MSP-PODCAST_2435_0101.wav
1435,MSP-PODCAST_2435_0145.wav
1435,MSP-PODCAST_2435_0155.wav
1435,MSP-PODCAST_2435_0149.wav
1436,MSP-PODCAST_2435_0212.wav
1436,MSP-PODCAST_2435_0213.wav
1436,MSP-PODCAST_2955_0256.wav
1437,MSP-PODCAST_2436_0095.wav
1437,MSP-PODCAST_1438_0001_0006.wav
1437,MSP-PODCAST_1431_0009_0002.wav
1437,MSP-PODCAST_1442_0014_0014.wav
1438,MSP-PODCAST_1431_0009_0004.wav
1438,MSP-PODCAST_1438_0001_0004.wav
1438,MSP-PODCAST_1430_0001_0003.wav
1438,MSP-PODCAST_1436_0049.wav
1439,MSP-PODCAST_2436_0164.wav
1439,MSP-PODCAST_2436_0056.wav
1439,MSP-PODCAST_2436_0167.wav
144,MSP-PODCAST_0300_0529.wav
144,MSP-PODCAST_0092_0009.wav
144,MSP-PODCAST_0076_0063.wav
1441,MSP-PODCAST_2436_0191.wav
1441,MSP-PODCAST_2436_0211.wav
1443,MSP-PODCAST_2438_0003.wav
1443,MSP-PODCAST_2438_0008.wav
1443,MSP-PODCAST_2438_0002.wav
1444,MSP-PODCAST_2438_0121.wav
1444,MSP-PODCAST_2438_0093.wav
1444,MSP-PODCAST_2438_0045.wav
1444,MSP-PODCAST_2438_0019.wav
1445,MSP-PODCAST_2439_0062.wav
1445,MSP-PODCAST_2439_0069.wav
1445,MSP-PODCAST_2439_0058.wav
1446,MSP-PODCAST_1635_0003.wav
1446,MSP-PODCAST_1631_0060_0004.wav
1446,MSP-PODCAST_1632_0032_0004.wav
1447,MSP-PODCAST_2991_0236.wav
1447,MSP-PODCAST_2439_0024.wav
1447,MSP-PODCAST_2439_0095.wav
1447,MSP-PODCAST_2439_0147.wav
1448,MSP-PODCAST_2439_0049.wav
1448,MSP-PODCAST_2439_0042.wav
1448,MSP-PODCAST_2439_0030.wav
1448,MSP-PODCAST_2439_0102.wav
1449,MSP-PODCAST_2968_0345.wav
1449,MSP-PODCAST_2440_0008.wav
1449,MSP-PODCAST_2440_0035.wav
1449,MSP-PODCAST_2440_0423.wav
145,MSP-PODCAST_0770_0089.wav
145,MSP-PODCAST_0770_0038.wav
1450,MSP-PODCAST_2440_0010.wav
1450,MSP-PODCAST_2441_0119.wav
1450,MSP-PODCAST_2441_0014.wav
1451,MSP-PODCAST_2440_0290.wav
1451,MSP-PODCAST_2440_0107.wav
1451,MSP-PODCAST_2440_0085.wav
1451,MSP-PODCAST_2440_0108.wav
1452,MSP-PODCAST_2440_0078.wav
1452,MSP-PODCAST_2440_0055.wav
1452,MSP-PODCAST_2440_0057.wav
1452,MSP-PODCAST_2440_0276.wav
1453,MSP-PODCAST_2441_0143.wav
1453,MSP-PODCAST_2441_0007.wav
1453,MSP-PODCAST_2441_0043.wav
1453,MSP-PODCAST_2441_0069.wav
1454,MSP-PODCAST_2441_0011.wav
1454,MSP-PODCAST_2441_0026.wav
1455,MSP-PODCAST_2442_0019.wav
1455,MSP-PODCAST_2442_0022.wav
1455,MSP-PODCAST_2442_0020.wav
1456,MSP-PODCAST_2442_0043.wav
1456,MSP-PODCAST_2442_0040.wav
1456,MSP-PODCAST_2442_0041.wav
1456,MSP-PODCAST_2442_0077.wav
1457,MSP-PODCAST_2442_0104.wav
1457,MSP-PODCAST_2442_0101.wav
1458,MSP-PODCAST_2442_0221.wav
1458,MSP-PODCAST_2442_0014.wav
1458,MSP-PODCAST_2442_0007.wav
1459,MSP-PODCAST_2445_0093.wav
1459,MSP-PODCAST_2444_0004.wav
1459,MSP-PODCAST_2444_0050.wav
1459,MSP-PODCAST_2444_0329.wav
1460,MSP-PODCAST_2443_0345.wav
1460,MSP-PODCAST_2443_0298.wav
1460,MSP-PODCAST_2443_0011.wav
1460,MSP-PODCAST_2443_0300.wav
1462,MSP-PODCAST_2443_0116.wav
1462,MSP-PODCAST_2443_0034.wav
1462,MSP-PODCAST_2443_0105.wav
1462,MSP-PODCAST_2443_0031.wav
1463,MSP-PODCAST_2443_0222.wav
1463,MSP-PODCAST_2443_0160.wav
1463,MSP-PODCAST_2443_0043.wav
1463,MSP-PODCAST_2443_0057.wav
1464,MSP-PODCAST_3057_1023.wav
1464,MSP-PODCAST_2444_0018.wav
1464,MSP-PODCAST_2444_0037.wav
1464,MSP-PODCAST_2444_0060.wav
1465,MSP-PODCAST_2445_0073.wav
1465,MSP-PODCAST_2445_0006.wav
1465,MSP-PODCAST_2445_0016.wav
1465,MSP-PODCAST_2445_0046.wav
1466,MSP-PODCAST_2446_0311.wav
1466,MSP-PODCAST_2446_0285.wav
1466,MSP-PODCAST_2446_0006.wav
1466,MSP-PODCAST_2446_0005.wav
1467,MSP-PODCAST_2446_0058.wav
1467,MSP-PODCAST_2446_0031.wav
1467,MSP-PODCAST_2446_0044.wav
1467,MSP-PODCAST_2446_0062.wav
1468,MSP-PODCAST_2446_0014.wav
1468,MSP-PODCAST_2446_0301.wav
1468,MSP-PODCAST_3051_1149.wav
1469,MSP-PODCAST_2446_0256.wav
1469,MSP-PODCAST_2446_0020.wav
1469,MSP-PODCAST_2446_0340.wav
147,MSP-PODCAST_0110_0696.wav
147,MSP-PODCAST_0110_0583.wav
147,MSP-PODCAST_0110_0481.wav
1472,MSP-PODCAST_2447_0102.wav
1472,MSP-PODCAST_2447_0054.wav
1472,MSP-PODCAST_2447_0066.wav
1473,MSP-PODCAST_2447_0026.wav
1473,MSP-PODCAST_2447_0122.wav
1473,MSP-PODCAST_2447_0070.wav
1474,MSP-PODCAST_2448_0033.wav
1474,MSP-PODCAST_2448_0031.wav
1474,MSP-PODCAST_2448_0160.wav
1475,MSP-PODCAST_2448_0036.wav
1475,MSP-PODCAST_2448_0037.wav
1475,MSP-PODCAST_2448_0039.wav
1476,MSP-PODCAST_2448_0072.wav
1476,MSP-PODCAST_2448_0082.wav
1476,MSP-PODCAST_2448_0098.wav
1478,MSP-PODCAST_2450_0160.wav
1478,MSP-PODCAST_2450_0003.wav
1478,MSP-PODCAST_2450_0006.wav
1478,MSP-PODCAST_2450_0004.wav
1479,MSP-PODCAST_2450_0046.wav
1479,MSP-PODCAST_2450_0036.wav
1479,MSP-PODCAST_2450_0032.wav
1479,MSP-PODCAST_2450_0043.wav
1480,MSP-PODCAST_2451_0024.wav
1480,MSP-PODCAST_2451_0285.wav
1480,MSP-PODCAST_2451_0271.wav
1481,MSP-PODCAST_2451_0089.wav
1481,MSP-PODCAST_2451_0026.wav
1481,MSP-PODCAST_2451_0034.wav
1481,MSP-PODCAST_2451_0057.wav
1485,MSP-PODCAST_2469_0293.wav
1485,MSP-PODCAST_2469_0065.wav
1491,MSP-PODCAST_3064_1394.wav
1491,MSP-PODCAST_3064_1130.wav
1491,MSP-PODCAST_2473_1175.wav
1492,MSP-PODCAST_2472_0075.wav
1492,MSP-PODCAST_2472_0050.wav
1492,MSP-PODCAST_2472_0067.wav
1493,MSP-PODCAST_2473_0078.wav
1493,MSP-PODCAST_2473_0109.wav
15,MSP-PODCAST_0099_0149.wav
15,MSP-PODCAST_0099_0025.wav
15,MSP-PODCAST_0099_0055.wav
15,MSP-PODCAST_0099_0499.wav
1501,MSP-PODCAST_2729_0002.wav
1501,MSP-PODCAST_2729_0005.wav
1501,MSP-PODCAST_2731_0126.wav
1502,MSP-PODCAST_2729_0069.wav
1502,MSP-PODCAST_2729_0081.wav
1502,MSP-PODCAST_2729_0050.wav
1502,MSP-PODCAST_2729_0062.wav
1503,MSP-PODCAST_2731_0107.wav
1503,MSP-PODCAST_2731_0076.wav
1503,MSP-PODCAST_2731_0189.wav
1505,MSP-PODCAST_2737_0344.wav
1505,MSP-PODCAST_2735_0147.wav
1505,MSP-PODCAST_2734_0001.wav
1505,MSP-PODCAST_2735_0019.wav
1506,MSP-PODCAST_2735_0102.wav
1506,MSP-PODCAST_2735_0034.wav
1506,MSP-PODCAST_2734_0054.wav
1506,MSP-PODCAST_2734_1002.wav
1507,MSP-PODCAST_2734_0324.wav
1507,MSP-PODCAST_2734_0018.wav
1507,MSP-PODCAST_2734_0019.wav
1507,MSP-PODCAST_2734_0279.wav
1508,MSP-PODCAST_2734_0087.wav
1508,MSP-PODCAST_2734_0029.wav
1508,MSP-PODCAST_2734_0620.wav
1509,MSP-PODCAST_2735_0259.wav
1509,MSP-PODCAST_2735_0083.wav
1509,MSP-PODCAST_2735_0697.wav
1510,MSP-PODCAST_2745_0002.wav
1510,MSP-PODCAST_2744_0005.wav
1510,MSP-PODCAST_2744_0007.wav
1510,MSP-PODCAST_2744_0084.wav
1511,MSP-PODCAST_2750_0084.wav
1511,MSP-PODCAST_2749_0002.wav
1511,MSP-PODCAST_2749_0054.wav
1511,MSP-PODCAST_2750_0023.wav
1514,MSP-PODCAST_3084_0241.wav
1514,MSP-PODCAST_3082_0133.wav
1515,MSP-PODCAST_3082_0065.wav
1515,MSP-PODCAST_3082_0335.wav
1515,MSP-PODCAST_3084_0009.wav
1516,MSP-PODCAST_3098_0654.wav
1516,MSP-PODCAST_3098_0039.wav
1516,MSP-PODCAST_3096_0026.wav
1516,MSP-PODCAST_3098_0384.wav
1517,MSP-PODCAST_3098_0031.wav
1517,MSP-PODCAST_3098_0042.wav
1517,MSP-PODCAST_3098_0389.wav
1518,MSP-PODCAST_3101_0100.wav
1518,MSP-PODCAST_3100_0086.wav
1518,MSP-PODCAST_3099_0001.wav
1518,MSP-PODCAST_3099_0116.wav
1519,MSP-PODCAST_3108_0059.wav
1519,MSP-PODCAST_3108_0003.wav
1519,MSP-PODCAST_3108_0021.wav
1519,MSP-PODCAST_3108_0272.wav
1520,MSP-PODCAST_3108_0297.wav
1520,MSP-PODCAST_3108_0100.wav
1520,MSP-PODCAST_3108_0126.wav
1520,MSP-PODCAST_3108_0289.wav
1521,MSP-PODCAST_3108_0751.wav
1521,MSP-PODCAST_3108_0046.wav
1521,MSP-PODCAST_3108_0352.wav
1521,MSP-PODCAST_3108_0145.wav
1522,MSP-PODCAST_3109_0733.wav
1522,MSP-PODCAST_3112_0424.wav
1522,MSP-PODCAST_3109_0052.wav
1522,MSP-PODCAST_3109_0164.wav
1523,MSP-PODCAST_3116_0029.wav
1523,MSP-PODCAST_3116_0453.wav
1524,MSP-PODCAST_2100_0017.wav
1524,MSP-PODCAST_2100_0016.wav
1524,MSP-PODCAST_2100_0190.wav
1526,MSP-PODCAST_2214_0100.wav
1526,MSP-PODCAST_2214_0098.wav
1526,MSP-PODCAST_2214_0082.wav
1526,MSP-PODCAST_2932_0173.wav
1533,MSP-PODCAST_1922_0156.wav
1533,MSP-PODCAST_1922_0137.wav
1533,MSP-PODCAST_1922_0023.wav
1533,MSP-PODCAST_1922_0115.wav
1534,MSP-PODCAST_1922_0032.wav
1534,MSP-PODCAST_1922_0090.wav
1534,MSP-PODCAST_1922_0030.wav
1535,MSP-PODCAST_1564_0013_0003.wav
1535,MSP-PODCAST_1564_0009_0003.wav
1535,MSP-PODCAST_1564_0019_0001.wav
1536,MSP-PODCAST_1926_0007.wav
1536,MSP-PODCAST_1576_0028_0003.wav
1536,MSP-PODCAST_1926_0039.wav
1538,MSP-PODCAST_2967_0371.wav
1538,MSP-PODCAST_1926_0058.wav
1538,MSP-PODCAST_2967_0179.wav
1538,MSP-PODCAST_1926_0060.wav
1539,MSP-PODCAST_1940_0330.wav
1539,MSP-PODCAST_1940_0323.wav
1539,MSP-PODCAST_1940_0283.wav
1539,MSP-PODCAST_1940_0285.wav
154,MSP-PODCAST_0729_0026.wav
154,MSP-PODCAST_0729_0044_0004.wav
154,MSP-PODCAST_0729_0032.wav
154,MSP-PODCAST_0729_0033_0003.wav
1540,MSP-PODCAST_1948_0367.wav
1540,MSP-PODCAST_1948_0369.wav
1540,MSP-PODCAST_1948_0368.wav
1542,MSP-PODCAST_2007_0056.wav
1542,MSP-PODCAST_2007_0057.wav
1542,MSP-PODCAST_2007_0028.wav
1542,MSP-PODCAST_2007_0033.wav
1543,MSP-PODCAST_1960_0041.wav
1543,MSP-PODCAST_1960_0025.wav
1543,MSP-PODCAST_1960_0022.wav
1543,MSP-PODCAST_1960_0030.wav
1544,MSP-PODCAST_1968_0115.wav
1544,MSP-PODCAST_1968_0104.wav
1544,MSP-PODCAST_1968_0096.wav
1544,MSP-PODCAST_1968_0217.wav
1545,MSP-PODCAST_0053_0045.wav
1545,MSP-PODCAST_0053_0019.wav
1545,MSP-PODCAST_0053_0034.wav
1546,MSP-PODCAST_0053_0064.wav
1546,MSP-PODCAST_2969_0244.wav
1546,MSP-PODCAST_0053_0027.wav
1548,MSP-PODCAST_0081_0002.wav
1548,MSP-PODCAST_0081_0051.wav
1548,MSP-PODCAST_0081_0009.wav
156,MSP-PODCAST_0740_0129_0002.wav
156,MSP-PODCAST_0110_1003.wav
1564,MSP-PODCAST_2104_1234.wav
1564,MSP-PODCAST_2104_0376.wav
1564,MSP-PODCAST_2104_0344.wav
1565,MSP-PODCAST_2105_0290.wav
1565,MSP-PODCAST_2105_0501.wav
1565,MSP-PODCAST_2105_2298.wav
1567,MSP-PODCAST_2105_1105.wav
1567,MSP-PODCAST_2105_1020.wav
1567,MSP-PODCAST_2105_0972.wav
1567,MSP-PODCAST_2981_0190.wav
1568,MSP-PODCAST_2105_1654.wav
1568,MSP-PODCAST_2105_1261.wav
1569,MSP-PODCAST_2983_0102.wav
1569,MSP-PODCAST_2105_2035.wav
1569,MSP-PODCAST_2105_2054.wav
1569,MSP-PODCAST_2136_0219_0000.wav
157,MSP-PODCAST_0741_0059.wav
157,MSP-PODCAST_0741_0026.wav
157,MSP-PODCAST_0741_0061_0001.wav
1570,MSP-PODCAST_2985_0088.wav
1570,MSP-PODCAST_2105_1672.wav
1570,MSP-PODCAST_2105_1677.wav
1570,MSP-PODCAST_2105_1679.wav
1571,MSP-PODCAST_2998_0639.wav
1571,MSP-PODCAST_2207_0382.wav
1571,MSP-PODCAST_2207_0309.wav
1571,MSP-PODCAST_2207_0327.wav
1572,MSP-PODCAST_2210_0046.wav
1572,MSP-PODCAST_2980_0046.wav
1572,MSP-PODCAST_2983_0032.wav
1573,MSP-PODCAST_2209_0069.wav
1573,MSP-PODCAST_3000_0151.wav
1573,MSP-PODCAST_2207_0312.wav
1575,MSP-PODCAST_2208_0028.wav
1575,MSP-PODCAST_2207_0295.wav
1575,MSP-PODCAST_2208_0062.wav
1577,MSP-PODCAST_2227_0338.wav
1577,MSP-PODCAST_2227_0402.wav
1577,MSP-PODCAST_2227_0536.wav
1577,MSP-PODCAST_2232_0872.wav
1578,MSP-PODCAST_2984_0387.wav
1578,MSP-PODCAST_2229_0346.wav
1578,MSP-PODCAST_2228_0990.wav
1578,MSP-PODCAST_2235_0769.wav
158,MSP-PODCAST_0742_0028.wav
158,MSP-PODCAST_0742_0016_0001.wav
158,MSP-PODCAST_0742_0025.wav
1580,MSP-PODCAST_2239_1444.wav
1580,MSP-PODCAST_2237_0712.wav
1580,MSP-PODCAST_2246_0784.wav
1583,MSP-PODCAST_2258_0239.wav
1583,MSP-PODCAST_2256_0863.wav
1583,MSP-PODCAST_2272_0480.wav
1583,MSP-PODCAST_2259_0367.wav
1584,MSP-PODCAST_2275_0583.wav
1584,MSP-PODCAST_2257_0170.wav
1584,MSP-PODCAST_2257_0113.wav
1584,MSP-PODCAST_2307_0190.wav
1585,MSP-PODCAST_2271_0585.wav
1585,MSP-PODCAST_2259_0655.wav
1585,MSP-PODCAST_2260_0470.wav
1585,MSP-PODCAST_2260_0596.wav
1586,MSP-PODCAST_2272_0821.wav
1586,MSP-PODCAST_2258_0459.wav
1586,MSP-PODCAST_2258_0427.wav
1586,MSP-PODCAST_2260_0566.wav
1587,MSP-PODCAST_2275_1080.wav
1587,MSP-PODCAST_2273_0576.wav
1587,MSP-PODCAST_2273_0574.wav
1587,MSP-PODCAST_2274_0665.wav
1588,MSP-PODCAST_2274_0028.wav
1588,MSP-PODCAST_2274_1350.wav
1588,MSP-PODCAST_2276_0720.wav
1595,MSP-PODCAST_2304_1115.wav
1595,MSP-PODCAST_2307_0269.wav
1595,MSP-PODCAST_2304_1093.wav
1595,MSP-PODCAST_2760_0114.wav
1598,MSP-PODCAST_2336_2151_0001.wav
1598,MSP-PODCAST_2336_1260.wav
1598,MSP-PODCAST_2336_0871.wav
1598,MSP-PODCAST_2336_2055.wav
1599,MSP-PODCAST_2343_0403.wav
1599,MSP-PODCAST_2342_0205.wav
1599,MSP-PODCAST_2340_0061.wav
1599,MSP-PODCAST_2342_0206.wav
1600,MSP-PODCAST_2241_0356.wav
1600,MSP-PODCAST_2238_0111.wav
1600,MSP-PODCAST_2237_0179.wav
1600,MSP-PODCAST_2242_0296.wav
1601,MSP-PODCAST_2347_0763.wav
1601,MSP-PODCAST_2347_0902.wav
1601,MSP-PODCAST_2347_0679.wav
1601,MSP-PODCAST_2347_1145.wav
1602,MSP-PODCAST_2347_0272.wav
1602,MSP-PODCAST_2354_0711.wav
1602,MSP-PODCAST_2347_0297.wav
1602,MSP-PODCAST_2356_0238.wav
1605,MSP-PODCAST_2357_1049.wav
1605,MSP-PODCAST_2361_0016.wav
1605,MSP-PODCAST_2373_0094.wav
1606,MSP-PODCAST_2362_0472.wav
1606,MSP-PODCAST_2362_0467.wav
1606,MSP-PODCAST_2362_0487.wav
1606,MSP-PODCAST_2365_0106.wav
1607,MSP-PODCAST_2362_0609.wav
1607,MSP-PODCAST_2362_0506.wav
1607,MSP-PODCAST_2361_0007.wav
1607,MSP-PODCAST_2357_1210.wav
1608,MSP-PODCAST_2381_0213_0001.wav
1608,MSP-PODCAST_2380_0002.wav
1608,MSP-PODCAST_2382_0006.wav
1608,MSP-PODCAST_2376_0015.wav
161,MSP-PODCAST_0728_0103.wav
161,MSP-PODCAST_0728_0022.wav
161,MSP-PODCAST_0728_0154.wav
1610,MSP-PODCAST_2382_0005.wav
1610,MSP-PODCAST_2382_0004.wav
1610,MSP-PODCAST_2381_0405_0001.wav
1610,MSP-PODCAST_2381_0282_0001.wav
1612,MSP-PODCAST_2419_0179_0001.wav
1612,MSP-PODCAST_2422_0315.wav
1612,MSP-PODCAST_2420_0444_0001.wav
1612,MSP-PODCAST_2421_0436_0000.wav
1613,MSP-PODCAST_2419_0233_0000.wav
1613,MSP-PODCAST_2419_0488_0002.wav
1613,MSP-PODCAST_2419_0423_0002.wav
1613,MSP-PODCAST_2420_0470_0002.wav
163,MSP-PODCAST_0023_0340.wav
163,MSP-PODCAST_0023_0318.wav
163,MSP-PODCAST_0023_0388.wav
165,MSP-PODCAST_0214_0325.wav
165,MSP-PODCAST_0214_0196.wav
165,MSP-PODCAST_0214_0064.wav
165,MSP-PODCAST_0214_0140.wav
1658,MSP-PODCAST_1989_0075.wav
1658,MSP-PODCAST_1988_0128.wav
1659,MSP-PODCAST_1993_0135.wav
1659,MSP-PODCAST_1992_0059.wav
166,MSP-PODCAST_0203_0459.wav
166,MSP-PODCAST_0203_0446.wav
1664,MSP-PODCAST_0730_0285.wav
1664,MSP-PODCAST_0730_0315.wav
1666,MSP-PODCAST_1292_0067.wav
1666,MSP-PODCAST_1292_0073.wav
1666,MSP-PODCAST_1292_0129.wav
1667,MSP-PODCAST_1416_0122.wav
1667,MSP-PODCAST_1390_0022.wav
1667,MSP-PODCAST_1406_0002_0006.wav
1668,MSP-PODCAST_1400_0038.wav
1668,MSP-PODCAST_1406_0010.wav
1668,MSP-PODCAST_1385_0004.wav
1668,MSP-PODCAST_1423_0039_0021.wav
1669,MSP-PODCAST_2996_0194.wav
1669,MSP-PODCAST_1429_0224_0004.wav
1669,MSP-PODCAST_1429_0242_0001.wav
1669,MSP-PODCAST_2994_0637.wav
1670,MSP-PODCAST_1429_0148_0002.wav
1670,MSP-PODCAST_1429_0148_0003.wav
1670,MSP-PODCAST_1429_0170_0006.wav
1672,MSP-PODCAST_1429_0174_0002.wav
1672,MSP-PODCAST_1429_0174_0001.wav
1673,MSP-PODCAST_1463_0001_0002.wav
1673,MSP-PODCAST_1463_0001_0012.wav
1673,MSP-PODCAST_1453_0046.wav
1673,MSP-PODCAST_1453_0049.wav
1676,MSP-PODCAST_1588_0016_0006.wav
1676,MSP-PODCAST_1591_0007_0007.wav
1676,MSP-PODCAST_1588_0025_0004.wav
1676,MSP-PODCAST_1591_0007_0005.wav
1677,MSP-PODCAST_1490_0024_0002.wav
1677,MSP-PODCAST_1496_0144_0003.wav
1677,MSP-PODCAST_1490_0004.wav
1677,MSP-PODCAST_1491_0070.wav
1678,MSP-PODCAST_1543_0102.wav
1678,MSP-PODCAST_1530_0068_0007.wav
1678,MSP-PODCAST_1528_0005_0002.wav
1682,MSP-PODCAST_0023_0773.wav
1682,MSP-PODCAST_0023_0714.wav
1682,MSP-PODCAST_0023_0673.wav
1682,MSP-PODCAST_0023_0698.wav
1683,MSP-PODCAST_0027_0034.wav
1683,MSP-PODCAST_0023_0758.wav
1685,MSP-PODCAST_0109_0072.wav
1685,MSP-PODCAST_0101_0143.wav
1690,MSP-PODCAST_0135_0238.wav
1690,MSP-PODCAST_0135_0021.wav
1690,MSP-PODCAST_0135_0040.wav
1691,MSP-PODCAST_0143_0053.wav
1691,MSP-PODCAST_0143_0037.wav
1692,MSP-PODCAST_0166_0436.wav
1692,MSP-PODCAST_0166_0486.wav
1692,MSP-PODCAST_0166_0439.wav
1692,MSP-PODCAST_0187_0554.wav
171,MSP-PODCAST_0399_0269.wav
171,MSP-PODCAST_0399_0954.wav
171,MSP-PODCAST_0399_0096.wav
171,MSP-PODCAST_0662_0247.wav
173,MSP-PODCAST_0662_0318.wav
173,MSP-PODCAST_0662_0030.wav
173,MSP-PODCAST_0662_0063.wav
174,MSP-PODCAST_0109_0592.wav
174,MSP-PODCAST_0073_0594.wav
174,MSP-PODCAST_0074_0058.wav
175,MSP-PODCAST_0109_0636.wav
175,MSP-PODCAST_0073_0378.wav
175,MSP-PODCAST_0074_0041.wav
175,MSP-PODCAST_0074_1129.wav
176,MSP-PODCAST_0668_0891.wav
176,MSP-PODCAST_0668_0980.wav
177,MSP-PODCAST_0656_0023.wav
178,MSP-PODCAST_0656_0009.wav
181,MSP-PODCAST_0380_0456.wav
181,MSP-PODCAST_0380_0079_0001.wav
182,MSP-PODCAST_0380_0147_0002.wav
182,MSP-PODCAST_0380_0172.wav
182,MSP-PODCAST_0380_0084.wav
183,MSP-PODCAST_0380_0444_0002.wav
183,MSP-PODCAST_0380_0051.wav
183,MSP-PODCAST_0380_0135_0001.wav
186,MSP-PODCAST_0257_0026.wav
186,MSP-PODCAST_0257_0013.wav
190,MSP-PODCAST_0257_0241.wav
190,MSP-PODCAST_0257_0232.wav
190,MSP-PODCAST_0257_0238.wav
190,MSP-PODCAST_0257_0218.wav
191,MSP-PODCAST_0098_0025.wav
191,MSP-PODCAST_0099_0034.wav
192,MSP-PODCAST_0097_0197.wav
192,MSP-PODCAST_0096_0034.wav
192,MSP-PODCAST_0097_0137.wav
196,MSP-PODCAST_0257_0111.wav
196,MSP-PODCAST_0257_0117.wav
198,MSP-PODCAST_0615_0057.wav
198,MSP-PODCAST_0615_0216.wav
198,MSP-PODCAST_0615_0024.wav
199,MSP-PODCAST_0279_0251.wav
199,MSP-PODCAST_0279_0249.wav
199,MSP-PODCAST_0279_0269.wav
201,MSP-PODCAST_0279_0151.wav
201,MSP-PODCAST_0279_0150.wav
201,MSP-PODCAST_0279_0163.wav
202,MSP-PODCAST_0279_0118.wav
205,MSP-PODCAST_0279_0045.wav
205,MSP-PODCAST_0279_0018.wav
205,MSP-PODCAST_0279_0050.wav
206,MSP-PODCAST_0626_0526.wav
206,MSP-PODCAST_0110_0637.wav
206,MSP-PODCAST_0110_0544.wav
207,MSP-PODCAST_0622_0185.wav
207,MSP-PODCAST_0622_0356.wav
207,MSP-PODCAST_0041_0485.wav
207,MSP-PODCAST_0041_0356.wav
208,MSP-PODCAST_0445_0186.wav
208,MSP-PODCAST_0445_0160.wav
208,MSP-PODCAST_0445_0328.wav
208,MSP-PODCAST_0445_0420.wav
21,MSP-PODCAST_0204_0066.wav
21,MSP-PODCAST_0204_0050.wav
211,MSP-PODCAST_0555_0099.wav
211,MSP-PODCAST_0555_0317.wav
211,MSP-PODCAST_0555_0029.wav
211,MSP-PODCAST_0631_0849.wav
212,MSP-PODCAST_0632_0278.wav
212,MSP-PODCAST_0632_0074.wav
214,MSP-PODCAST_0091_0069.wav
214,MSP-PODCAST_0091_0052.wav
214,MSP-PODCAST_0091_0003.wav
215,MSP-PODCAST_0109_0147.wav
215,MSP-PODCAST_0109_0261.wav
215,MSP-PODCAST_0109_0130.wav
215,MSP-PODCAST_0369_0121.wav
216,MSP-PODCAST_0369_0320.wav
216,MSP-PODCAST_0551_0149.wav
216,MSP-PODCAST_0551_0050_0001.wav
216,MSP-PODCAST_0551_0198_0003.wav
217,MSP-PODCAST_0551_0081_0001.wav
217,MSP-PODCAST_0075_0065.wav
217,MSP-PODCAST_0074_1286.wav
217,MSP-PODCAST_0369_0152.wav
218,MSP-PODCAST_0237_0442.wav
218,MSP-PODCAST_0074_1282.wav
219,MSP-PODCAST_0237_0142.wav
219,MSP-PODCAST_0099_0482.wav
219,MSP-PODCAST_0099_0481.wav
221,MSP-PODCAST_0237_0546.wav
223,MSP-PODCAST_0657_0237.wav
223,MSP-PODCAST_0058_0039.wav
223,MSP-PODCAST_0057_0614.wav
223,MSP-PODCAST_0672_0062.wav
224,MSP-PODCAST_0657_0093.wav
224,MSP-PODCAST_0657_0160.wav
224,MSP-PODCAST_0657_0157_0005.wav
225,MSP-PODCAST_0207_0343.wav
225,MSP-PODCAST_0207_0044.wav
225,MSP-PODCAST_0207_0193.wav
226,MSP-PODCAST_0206_0218.wav
226,MSP-PODCAST_0206_0117.wav
227,MSP-PODCAST_0545_0314.wav
227,MSP-PODCAST_0089_0038.wav
227,MSP-PODCAST_0545_0121.wav
227,MSP-PODCAST_2789_0180.wav
228,MSP-PODCAST_0545_0362.wav
228,MSP-PODCAST_0545_0415.wav
228,MSP-PODCAST_0089_0260.wav
228,MSP-PODCAST_2791_0229.wav
229,MSP-PODCAST_2792_0720.wav
229,MSP-PODCAST_0549_0052.wav
229,MSP-PODCAST_2792_0544.wav
230,MSP-PODCAST_0552_0148.wav
230,MSP-PODCAST_0552_0059.wav
230,MSP-PODCAST_0552_0003.wav
231,MSP-PODCAST_0642_0033.wav
231,MSP-PODCAST_0642_0017.wav
231,MSP-PODCAST_0642_0040.wav
232,MSP-PODCAST_0643_0113.wav
232,MSP-PODCAST_0643_0050.wav
233,MSP-PODCAST_0646_0031.wav
233,MSP-PODCAST_0646_0017.wav
233,MSP-PODCAST_0646_0008.wav
234,MSP-PODCAST_0732_0063.wav
234,MSP-PODCAST_0732_0113.wav
236,MSP-PODCAST_0743_0083.wav
236,MSP-PODCAST_0743_0142_0001.wav
236,MSP-PODCAST_0743_0049_0003.wav
236,MSP-PODCAST_0743_0081_0002.wav
238,MSP-PODCAST_0745_0100_0005.wav
238,MSP-PODCAST_0745_0100_0001.wav
239,MSP-PODCAST_0132_0281.wav
239,MSP-PODCAST_0371_1122.wav
239,MSP-PODCAST_0851_0195.wav
24,MSP-PODCAST_0257_0075.wav
24,MSP-PODCAST_0257_0052.wav
240,MSP-PODCAST_0132_0369.wav
240,MSP-PODCAST_0132_0241.wav
240,MSP-PODCAST_0280_2116.wav
241,MSP-PODCAST_0189_0522.wav
241,MSP-PODCAST_0189_0076.wav
242,MSP-PODCAST_0755_0034.wav
242,MSP-PODCAST_0115_0184.wav
242,MSP-PODCAST_0115_0510.wav
243,MSP-PODCAST_0756_0199.wav
243,MSP-PODCAST_0756_0105.wav
243,MSP-PODCAST_0756_0051.wav
244,MSP-PODCAST_0760_0409.wav
244,MSP-PODCAST_0760_0189.wav
245,MSP-PODCAST_0748_0259.wav
245,MSP-PODCAST_0748_0012_0001.wav
245,MSP-PODCAST_0748_0091_0002.wav
246,MSP-PODCAST_0748_0066_0002.wav
246,MSP-PODCAST_0748_0022.wav
246,MSP-PODCAST_0802_0004.wav
247,MSP-PODCAST_0738_0200.wav
247,MSP-PODCAST_0738_0166_0001.wav
247,MSP-PODCAST_0738_0100_0002.wav
247,MSP-PODCAST_0738_0193.wav
248,MSP-PODCAST_0739_0260_0004.wav
248,MSP-PODCAST_0737_0068.wav
248,MSP-PODCAST_0737_0086.wav
249,MSP-PODCAST_0777_0153.wav
249,MSP-PODCAST_0777_0205.wav
249,MSP-PODCAST_0777_0130.wav
25,MSP-PODCAST_0054_0004.wav
25,MSP-PODCAST_0054_0003.wav
251,MSP-PODCAST_0361_0034.wav
251,MSP-PODCAST_0342_0002.wav
251,MSP-PODCAST_0361_0080.wav
253,MSP-PODCAST_0557_0031.wav
253,MSP-PODCAST_0557_0189.wav
253,MSP-PODCAST_0557_0020.wav
254,MSP-PODCAST_0180_0006.wav
254,MSP-PODCAST_0180_0007.wav
254,MSP-PODCAST_0180_0073.wav
255,MSP-PODCAST_0793_0757.wav
255,MSP-PODCAST_0793_0278.wav
255,MSP-PODCAST_0793_0640.wav
255,MSP-PODCAST_0794_0266.wav
256,MSP-PODCAST_0795_0006.wav
256,MSP-PODCAST_0795_0537.wav
260,MSP-PODCAST_0799_0172.wav
260,MSP-PODCAST_0799_0201.wav
260,MSP-PODCAST_0799_0186.wav
260,MSP-PODCAST_0799_0223.wav
261,MSP-PODCAST_0133_0606.wav
261,MSP-PODCAST_0798_0232.wav
261,MSP-PODCAST_0798_0218.wav
264,MSP-PODCAST_0109_0283.wav
264,MSP-PODCAST_0109_0238.wav
265,MSP-PODCAST_0720_0131.wav
265,MSP-PODCAST_0720_0002_0001.wav
265,MSP-PODCAST_0720_0022_0001.wav
265,MSP-PODCAST_0720_0068.wav
266,MSP-PODCAST_0917_0152.wav
266,MSP-PODCAST_0804_0323.wav
266,MSP-PODCAST_0804_0450.wav
266,MSP-PODCAST_0917_0232.wav
267,MSP-PODCAST_0830_0145.wav
267,MSP-PODCAST_0830_0008_0001.wav
267,MSP-PODCAST_0830_0079_0005.wav
268,MSP-PODCAST_0830_0078_0001.wav
268,MSP-PODCAST_0830_0021.wav
268,MSP-PODCAST_0830_0011_0002.wav
269,MSP-PODCAST_0830_0203_0003.wav
269,MSP-PODCAST_0830_0311.wav
269,MSP-PODCAST_0830_0099_0002.wav
271,MSP-PODCAST_0850_0564_0009.wav
271,MSP-PODCAST_0850_0193_0003.wav
271,MSP-PODCAST_0850_0095.wav
271,MSP-PODCAST_0834_0044.wav
272,MSP-PODCAST_0834_0081.wav
272,MSP-PODCAST_0834_0083.wav
272,MSP-PODCAST_0834_0179_0002.wav
273,MSP-PODCAST_0084_0017.wav
273,MSP-PODCAST_0084_0277.wav
275,MSP-PODCAST_0103_0593.wav
275,MSP-PODCAST_0103_0016.wav
275,MSP-PODCAST_0103_0075_0003.wav
275,MSP-PODCAST_0103_0558.wav
276,MSP-PODCAST_0672_0022_0002.wav
276,MSP-PODCAST_0672_0022_0003.wav
276,MSP-PODCAST_2917_0338.wav
277,MSP-PODCAST_0672_0086.wav
277,MSP-PODCAST_0657_0002.wav
277,MSP-PODCAST_0657_0005.wav
277,MSP-PODCAST_0672_0012.wav
278,MSP-PODCAST_0672_0279_0003.wav
278,MSP-PODCAST_0672_0166_0001.wav
278,MSP-PODCAST_0672_0100.wav
279,MSP-PODCAST_0657_0122_0002.wav
279,MSP-PODCAST_0657_0134_0001.wav
281,MSP-PODCAST_0657_0386_0006.wav
281,MSP-PODCAST_0657_0386_0003.wav
281,MSP-PODCAST_2917_0334.wav
284,MSP-PODCAST_0125_0063_0008.wav
284,MSP-PODCAST_0125_0014.wav
284,MSP-PODCAST_0125_0017_0001.wav
284,MSP-PODCAST_0125_0057_0008.wav
285,MSP-PODCAST_0083_0007_0011.wav
285,MSP-PODCAST_0083_0001.wav
285,MSP-PODCAST_2998_0431.wav
286,MSP-PODCAST_0083_0021_0008.wav
286,MSP-PODCAST_0083_0004_0001.wav
286,MSP-PODCAST_0083_0002_0001.wav
286,MSP-PODCAST_0083_0047.wav
289,MSP-PODCAST_0920_0593.wav
289,MSP-PODCAST_0835_0023.wav
289,MSP-PODCAST_0835_0021_0001.wav
289,MSP-PODCAST_0835_0251.wav
290,MSP-PODCAST_0835_0116.wav
290,MSP-PODCAST_0835_0079.wav
290,MSP-PODCAST_0835_0092_0004.wav
290,MSP-PODCAST_0835_0670.wav
291,MSP-PODCAST_0835_0204_0003.wav
291,MSP-PODCAST_0835_0072.wav
291,MSP-PODCAST_0835_0119.wav
291,MSP-PODCAST_0835_0170_0003.wav
292,MSP-PODCAST_0835_0524_0009.wav
292,MSP-PODCAST_0835_0421.wav
292,MSP-PODCAST_0835_0428_0004.wav
292,MSP-PODCAST_0835_0530_0004.wav
293,MSP-PODCAST_0823_0038_0002.wav
293,MSP-PODCAST_0823_0006.wav
293,MSP-PODCAST_0823_0012_0002.wav
293,MSP-PODCAST_0823_0066_0005.wav
294,MSP-PODCAST_0823_0175_0009.wav
294,MSP-PODCAST_0823_0015_0003.wav
294,MSP-PODCAST_0761_0113.wav
294,MSP-PODCAST_0823_0089_0006.wav
296,MSP-PODCAST_0820_0043.wav
296,MSP-PODCAST_0820_0243.wav
296,MSP-PODCAST_0820_0007.wav
296,MSP-PODCAST_0818_1003.wav
298,MSP-PODCAST_1503_0031_0004.wav
298,MSP-PODCAST_0824_0028_0010.wav
298,MSP-PODCAST_0613_0099.wav
299,MSP-PODCAST_0824_0025_0014.wav
299,MSP-PODCAST_0824_0021_0006.wav
299,MSP-PODCAST_0824_0007_0004.wav
3,MSP-PODCAST_0003_0285.wav
3,MSP-PODCAST_0003_0223.wav
3,MSP-PODCAST_0003_0052.wav
3,MSP-PODCAST_0003_0106.wav
300,MSP-PODCAST_0840_0015_0001.wav
300,MSP-PODCAST_0840_0007_0001.wav
300,MSP-PODCAST_0840_0005_0025.wav
301,MSP-PODCAST_0833_0003_0003.wav
302,MSP-PODCAST_0833_0006_0007.wav
302,MSP-PODCAST_0833_0006_0002.wav
303,MSP-PODCAST_0735_0086.wav
303,MSP-PODCAST_0735_0035.wav
303,MSP-PODCAST_0735_0005.wav
304,MSP-PODCAST_0735_0063_0002.wav
304,MSP-PODCAST_0735_0060_0002.wav
304,MSP-PODCAST_0735_0050.wav
304,MSP-PODCAST_0735_0059_0002.wav
305,MSP-PODCAST_0735_0411_0001.wav
305,MSP-PODCAST_0735_0172_0004.wav
305,MSP-PODCAST_0735_0165.wav
307,MSP-PODCAST_0836_0077_0003.wav
307,MSP-PODCAST_0836_0017.wav
308,MSP-PODCAST_2913_1070.wav
308,MSP-PODCAST_0843_0037_0001.wav
308,MSP-PODCAST_0843_0001_0002.wav
308,MSP-PODCAST_2915_0012.wav
309,MSP-PODCAST_0843_0022_0011.wav
309,MSP-PODCAST_0843_0028_0007.wav
309,MSP-PODCAST_0843_0006_0001.wav
309,MSP-PODCAST_2913_1031.wav
31,MSP-PODCAST_0033_0104.wav
31,MSP-PODCAST_0033_0001.wav
31,MSP-PODCAST_0033_0010.wav
31,MSP-PODCAST_0035_0033.wav
310,MSP-PODCAST_0827_0001_0007.wav
310,MSP-PODCAST_0827_0015_0002.wav
311,MSP-PODCAST_0827_0022_0007.wav
311,MSP-PODCAST_0827_0006_0001.wav
311,MSP-PODCAST_0827_0010_0003.wav
313,MSP-PODCAST_1545_0007_0013.wav
313,MSP-PODCAST_0734_0116_0003.wav
313,MSP-PODCAST_0734_0063_0002.wav
313,MSP-PODCAST_1537_0107_0004.wav
318,MSP-PODCAST_0853_0035_0002.wav
318,MSP-PODCAST_0853_0144_0007.wav
318,MSP-PODCAST_0853_0031_0004.wav
318,MSP-PODCAST_0853_0031_0006.wav
319,MSP-PODCAST_1001_0317.wav
319,MSP-PODCAST_1001_0004.wav
321,MSP-PODCAST_1002_0048.wav
321,MSP-PODCAST_1002_0523.wav
322,MSP-PODCAST_1003_0009.wav
322,MSP-PODCAST_1003_0136.wav
323,MSP-PODCAST_1004_0051.wav
323,MSP-PODCAST_1004_0066.wav
325,MSP-PODCAST_2916_0100.wav
325,MSP-PODCAST_1009_0354.wav
325,MSP-PODCAST_2916_0185.wav
326,MSP-PODCAST_2916_0046.wav
326,MSP-PODCAST_2916_0072.wav
326,MSP-PODCAST_1009_0076.wav
326,MSP-PODCAST_2916_0089.wav
328,MSP-PODCAST_1009_0229.wav
330,MSP-PODCAST_1010_0267.wav
330,MSP-PODCAST_1010_0048.wav
333,MSP-PODCAST_1031_0009.wav
333,MSP-PODCAST_1031_0195.wav
333,MSP-PODCAST_1031_0147.wav
334,MSP-PODCAST_1018_0036.wav
334,MSP-PODCAST_1018_0087.wav
334,MSP-PODCAST_1018_0179.wav
336,MSP-PODCAST_0857_0229.wav
336,MSP-PODCAST_0857_0079_0001.wav
337,MSP-PODCAST_0856_0082.wav
337,MSP-PODCAST_0856_0308.wav
337,MSP-PODCAST_0856_0148.wav
339,MSP-PODCAST_1529_0214.wav
339,MSP-PODCAST_1530_0129_0003.wav
339,MSP-PODCAST_0856_0073_0001.wav
340,MSP-PODCAST_1529_0024.wav
340,MSP-PODCAST_0856_0652.wav
341,MSP-PODCAST_0863_0290.wav
341,MSP-PODCAST_0863_0328_0001.wav
342,MSP-PODCAST_0863_0022_0003.wav
342,MSP-PODCAST_0863_0018.wav
342,MSP-PODCAST_0863_0026_0003.wav
343,MSP-PODCAST_0863_0234_0001.wav
343,MSP-PODCAST_0863_0234_0004.wav
344,MSP-PODCAST_0163_0412.wav
344,MSP-PODCAST_0163_0390.wav
344,MSP-PODCAST_0166_0037.wav
344,MSP-PODCAST_0861_0012_0002.wav
345,MSP-PODCAST_0855_0084_0005.wav
345,MSP-PODCAST_0855_0004.wav
345,MSP-PODCAST_0855_0024_0006.wav
345,MSP-PODCAST_0855_0012_0002.wav
346,MSP-PODCAST_0865_0129_0003.wav
346,MSP-PODCAST_0865_0175.wav
346,MSP-PODCAST_0865_0150_0001.wav
347,MSP-PODCAST_0285_0422.wav
347,MSP-PODCAST_0285_0415.wav
348,MSP-PODCAST_2918_0073.wav
348,MSP-PODCAST_0285_0390.wav
348,MSP-PODCAST_0285_0397.wav
348,MSP-PODCAST_2918_0036.wav
349,MSP-PODCAST_0285_0420.wav
349,MSP-PODCAST_0285_0441.wav
349,MSP-PODCAST_2917_0213.wav
351,MSP-PODCAST_0751_0066.wav
351,MSP-PODCAST_0751_0132.wav
351,MSP-PODCAST_0751_0145.wav
352,MSP-PODCAST_0888_0157_0002.wav
352,MSP-PODCAST_0752_0019.wav
352,MSP-PODCAST_0752_0111.wav
352,MSP-PODCAST_1532_0043_0006.wav
353,MSP-PODCAST_0752_0006.wav
353,MSP-PODCAST_0752_0082.wav
353,MSP-PODCAST_2916_0321.wav
354,MSP-PODCAST_0752_0355.wav
354,MSP-PODCAST_0752_0217.wav
355,MSP-PODCAST_0786_0123.wav
355,MSP-PODCAST_1531_0114.wav
355,MSP-PODCAST_0113_0059.wav
355,MSP-PODCAST_0786_0031.wav
356,MSP-PODCAST_0868_0098_0001.wav
356,MSP-PODCAST_0868_0027_0004.wav
356,MSP-PODCAST_0868_0055.wav
356,MSP-PODCAST_0868_0037_0012.wav
357,MSP-PODCAST_2913_0793.wav
357,MSP-PODCAST_0868_0120_0005.wav
357,MSP-PODCAST_0868_0118_0001.wav
358,MSP-PODCAST_0868_0278_0003.wav
358,MSP-PODCAST_0868_0221_0003.wav
358,MSP-PODCAST_0868_0197_0002.wav
358,MSP-PODCAST_0868_0199.wav
359,MSP-PODCAST_0868_0216_0001.wav
359,MSP-PODCAST_0746_0078_0002.wav
361,MSP-PODCAST_0872_0031.wav
361,MSP-PODCAST_0872_0028.wav
363,MSP-PODCAST_0872_0108_0003.wav
363,MSP-PODCAST_0872_0114_0007.wav
364,MSP-PODCAST_0746_0022.wav
364,MSP-PODCAST_0746_0021_0001.wav
364,MSP-PODCAST_0746_0025.wav
364,MSP-PODCAST_0746_0199.wav
365,MSP-PODCAST_0159_0098.wav
365,MSP-PODCAST_0159_0053.wav
365,MSP-PODCAST_0161_0022.wav
366,MSP-PODCAST_0746_0077_0003.wav
366,MSP-PODCAST_0746_0087_0001.wav
367,MSP-PODCAST_0163_0354.wav
367,MSP-PODCAST_0163_0032.wav
367,MSP-PODCAST_0163_0033.wav
367,MSP-PODCAST_0163_0156.wav
368,MSP-PODCAST_0746_0212_0003.wav
368,MSP-PODCAST_0746_0216_0002.wav
368,MSP-PODCAST_0746_0204_0003.wav
37,MSP-PODCAST_0084_0320.wav
37,MSP-PODCAST_0084_0282.wav
371,MSP-PODCAST_0785_0016.wav
371,MSP-PODCAST_0785_0024.wav
371,MSP-PODCAST_0785_0027.wav
372,MSP-PODCAST_0869_0021.wav
372,MSP-PODCAST_0869_0004.wav
372,MSP-PODCAST_0869_0005.wav
372,MSP-PODCAST_0869_0035_0012.wav
373,MSP-PODCAST_0283_0047.wav
373,MSP-PODCAST_0283_0019.wav
373,MSP-PODCAST_0283_0003.wav
374,MSP-PODCAST_0284_0265.wav
374,MSP-PODCAST_0283_0039.wav
374,MSP-PODCAST_0283_0268.wav
374,MSP-PODCAST_0284_0310.wav
376,MSP-PODCAST_0118_0057.wav
376,MSP-PODCAST_0118_0064.wav
376,MSP-PODCAST_0118_0003.wav
38,MSP-PODCAST_0105_0059.wav
38,MSP-PODCAST_0105_0024.wav
382,MSP-PODCAST_0442_0158.wav
382,MSP-PODCAST_0442_0192.wav
382,MSP-PODCAST_0442_0537.wav
383,MSP-PODCAST_0213_0089.wav
383,MSP-PODCAST_0113_0033.wav
384,MSP-PODCAST_1917_0684.wav
384,MSP-PODCAST_0113_0044.wav
384,MSP-PODCAST_0113_0046.wav
384,MSP-PODCAST_1917_0655.wav
389,MSP-PODCAST_0345_0167.wav
389,MSP-PODCAST_0345_0155.wav
390,MSP-PODCAST_1523_0011.wav
390,MSP-PODCAST_0345_0186.wav
391,MSP-PODCAST_1908_0960.wav
391,MSP-PODCAST_1908_0882.wav
391,MSP-PODCAST_0345_0213.wav
391,MSP-PODCAST_1908_0868.wav
394,MSP-PODCAST_0014_0385.wav
394,MSP-PODCAST_0266_0587.wav
394,MSP-PODCAST_0014_0361.wav
395,MSP-PODCAST_0540_0050.wav
395,MSP-PODCAST_0540_0293.wav
395,MSP-PODCAST_2918_0352.wav
399,MSP-PODCAST_0302_0293.wav
399,MSP-PODCAST_0306_0290.wav
40,MSP-PODCAST_0041_0188.wav
40,MSP-PODCAST_0042_0367.wav
40,MSP-PODCAST_0041_0108.wav
40,MSP-PODCAST_0110_0422.wav
400,MSP-PODCAST_0302_0220.wav
400,MSP-PODCAST_0302_0676.wav
401,MSP-PODCAST_0302_1603.wav
401,MSP-PODCAST_0302_0043.wav
401,MSP-PODCAST_0302_0119.wav
403,MSP-PODCAST_0292_0048.wav
403,MSP-PODCAST_0292_0026.wav
403,MSP-PODCAST_0294_0043.wav
406,MSP-PODCAST_0333_0387.wav
409,MSP-PODCAST_0533_1118.wav
409,MSP-PODCAST_0533_0638.wav
409,MSP-PODCAST_0533_2029.wav
41,MSP-PODCAST_0042_0505.wav
41,MSP-PODCAST_0042_0449.wav
41,MSP-PODCAST_0041_0087.wav
41,MSP-PODCAST_0041_0372.wav
410,MSP-PODCAST_0112_0044.wav
410,MSP-PODCAST_0112_0028.wav
414,MSP-PODCAST_0223_0030.wav
415,MSP-PODCAST_0016_0169.wav
415,MSP-PODCAST_0013_0280.wav
415,MSP-PODCAST_0013_0056.wav
415,MSP-PODCAST_0016_0098.wav
417,MSP-PODCAST_2918_0990.wav
417,MSP-PODCAST_0355_0104.wav
418,MSP-PODCAST_0359_0342.wav
418,MSP-PODCAST_0074_1241.wav
420,MSP-PODCAST_0437_0072.wav
420,MSP-PODCAST_0437_0046.wav
420,MSP-PODCAST_0437_0009.wav
422,MSP-PODCAST_0040_0011.wav
422,MSP-PODCAST_0040_0016.wav
424,MSP-PODCAST_0040_0338.wav
424,MSP-PODCAST_0040_0340.wav
424,MSP-PODCAST_0040_0345.wav
425,MSP-PODCAST_0040_0198.wav
425,MSP-PODCAST_0040_0202.wav
426,MSP-PODCAST_0725_0070_0003.wav
426,MSP-PODCAST_0725_0023_0001.wav
426,MSP-PODCAST_0725_0026_0002.wav
428,MSP-PODCAST_0725_0169_0001.wav
428,MSP-PODCAST_0725_0151_0001.wav
430,MSP-PODCAST_1413_0043_0005.wav
430,MSP-PODCAST_0764_0286.wav
430,MSP-PODCAST_0764_0021.wav
430,MSP-PODCAST_0764_0099.wav
435,MSP-PODCAST_0780_0269.wav
435,MSP-PODCAST_0780_0250.wav
436,MSP-PODCAST_0849_0017_0014.wav
436,MSP-PODCAST_0849_0011_0002.wav
438,MSP-PODCAST_2057_0051.wav
438,MSP-PODCAST_2057_0199.wav
438,MSP-PODCAST_2057_0266.wav
439,MSP-PODCAST_0193_0119.wav
439,MSP-PODCAST_0193_1022.wav
44,MSP-PODCAST_0057_0912.wav
44,MSP-PODCAST_0057_0449.wav
44,MSP-PODCAST_0057_0200.wav
441,MSP-PODCAST_0240_0439.wav
441,MSP-PODCAST_0240_0094.wav
443,MSP-PODCAST_0137_0134.wav
443,MSP-PODCAST_0137_0024.wav
443,MSP-PODCAST_0137_0295.wav
449,MSP-PODCAST_2418_0150_0000.wav
449,MSP-PODCAST_2416_0004.wav
449,MSP-PODCAST_0763_0259.wav
449,MSP-PODCAST_2418_0132_0000.wav
450,MSP-PODCAST_0554_0229.wav
450,MSP-PODCAST_0554_0031.wav
450,MSP-PODCAST_0554_0030.wav
457,MSP-PODCAST_0037_0023.wav
457,MSP-PODCAST_0037_0098.wav
46,MSP-PODCAST_0058_0594.wav
46,MSP-PODCAST_0058_0207.wav
460,MSP-PODCAST_0375_0617.wav
460,MSP-PODCAST_0375_0282.wav
460,MSP-PODCAST_0375_0447.wav
461,MSP-PODCAST_0524_0193.wav
464,MSP-PODCAST_0233_0057.wav
464,MSP-PODCAST_0209_0019.wav
465,MSP-PODCAST_0456_0150.wav
465,MSP-PODCAST_0209_0117.wav
465,MSP-PODCAST_0233_0068.wav
466,MSP-PODCAST_0233_0477.wav
466,MSP-PODCAST_0233_0501.wav
467,MSP-PODCAST_0456_0116.wav
467,MSP-PODCAST_0233_0302.wav
468,MSP-PODCAST_0374_0493.wav
468,MSP-PODCAST_0485_0031.wav
468,MSP-PODCAST_0158_0032.wav
468,MSP-PODCAST_0484_0223.wav
469,MSP-PODCAST_0374_0069.wav
469,MSP-PODCAST_0374_0253.wav
469,MSP-PODCAST_0377_0644.wav
47,MSP-PODCAST_0061_0021.wav
47,MSP-PODCAST_0061_0001.wav
47,MSP-PODCAST_0061_0104.wav
470,MSP-PODCAST_0374_0167.wav
470,MSP-PODCAST_0374_0271.wav
470,MSP-PODCAST_0374_0135.wav
472,MSP-PODCAST_0796_0009.wav
472,MSP-PODCAST_0796_0221.wav
472,MSP-PODCAST_0796_0005.wav
472,MSP-PODCAST_0796_0018.wav
473,MSP-PODCAST_0796_0105.wav
473,MSP-PODCAST_0796_0033.wav
475,MSP-PODCAST_0796_0166.wav
475,MSP-PODCAST_0796_0174.wav
478,MSP-PODCAST_0796_0003.wav
478,MSP-PODCAST_0796_0026.wav
478,MSP-PODCAST_2919_0202.wav
479,MSP-PODCAST_0087_0101.wav
479,MSP-PODCAST_0087_0099.wav
479,MSP-PODCAST_0087_0147.wav
48,MSP-PODCAST_0061_0006.wav
48,MSP-PODCAST_0061_0014.wav
480,MSP-PODCAST_2392_0318.wav
480,MSP-PODCAST_0087_0001.wav
480,MSP-PODCAST_0087_0051.wav
480,MSP-PODCAST_2392_0018.wav
481,MSP-PODCAST_0257_0265.wav
481,MSP-PODCAST_0257_0271.wav
482,MSP-PODCAST_0088_0104.wav
482,MSP-PODCAST_0088_0164.wav
482,MSP-PODCAST_0088_0083.wav
483,MSP-PODCAST_0088_0122.wav
483,MSP-PODCAST_0236_0007.wav
483,MSP-PODCAST_0088_0094.wav
484,MSP-PODCAST_0088_0129.wav
484,MSP-PODCAST_0088_0147.wav
484,MSP-PODCAST_0236_0040.wav
485,MSP-PODCAST_0088_0325.wav
485,MSP-PODCAST_0088_0323.wav
487,MSP-PODCAST_0912_0326.wav
487,MSP-PODCAST_0912_0012.wav
487,MSP-PODCAST_0912_0038.wav
488,MSP-PODCAST_0912_0381.wav
488,MSP-PODCAST_0912_0073.wav
488,MSP-PODCAST_0912_0086.wav
489,MSP-PODCAST_0787_0259.wav
489,MSP-PODCAST_0770_0024.wav
489,MSP-PODCAST_0770_0008.wav
489,MSP-PODCAST_0770_0028.wav
49,MSP-PODCAST_0070_0038.wav
49,MSP-PODCAST_0070_0012.wav
490,MSP-PODCAST_0770_0093.wav
490,MSP-PODCAST_0770_0051.wav
491,MSP-PODCAST_0771_0026.wav
491,MSP-PODCAST_0771_0059.wav
492,MSP-PODCAST_0624_0187.wav
492,MSP-PODCAST_0624_0191.wav
493,MSP-PODCAST_0023_0486.wav
493,MSP-PODCAST_0023_0329.wav
494,MSP-PODCAST_0891_0253.wav
494,MSP-PODCAST_0891_0133.wav
494,MSP-PODCAST_0891_0107_0003.wav
494,MSP-PODCAST_0891_0044_0002.wav
495,MSP-PODCAST_0916_0147.wav
495,MSP-PODCAST_0916_0029.wav
495,MSP-PODCAST_0916_0025.wav
495,MSP-PODCAST_0916_0070.wav
496,MSP-PODCAST_0300_0558.wav
496,MSP-PODCAST_0300_0345.wav
496,MSP-PODCAST_0300_0468.wav
497,MSP-PODCAST_0300_0628.wav
497,MSP-PODCAST_0300_0578.wav
497,MSP-PODCAST_0300_0067.wav
498,MSP-PODCAST_0893_0135.wav
498,MSP-PODCAST_0893_0015.wav
498,MSP-PODCAST_0895_0144_0001.wav
499,MSP-PODCAST_0893_0233_0001.wav
499,MSP-PODCAST_0893_0249.wav
499,MSP-PODCAST_0893_0024_0002.wav
499,MSP-PODCAST_2919_0042.wav
50,MSP-PODCAST_0070_0053.wav
50,MSP-PODCAST_0070_0128.wav
501,MSP-PODCAST_0452_0342.wav
501,MSP-PODCAST_0452_0320.wav
501,MSP-PODCAST_0452_0348.wav
502,MSP-PODCAST_0479_0262.wav
502,MSP-PODCAST_0479_0132.wav
502,MSP-PODCAST_0479_0028.wav
507,MSP-PODCAST_0470_0052.wav
507,MSP-PODCAST_0470_0026.wav
510,MSP-PODCAST_0231_0182.wav
510,MSP-PODCAST_0231_0026.wav
512,MSP-PODCAST_0174_0008.wav
512,MSP-PODCAST_0174_0639.wav
513,MSP-PODCAST_0174_0051.wav
513,MSP-PODCAST_0174_0039.wav
515,MSP-PODCAST_0196_0013.wav
515,MSP-PODCAST_0196_0029.wav
516,MSP-PODCAST_0196_0312.wav
516,MSP-PODCAST_0196_0287.wav
517,MSP-PODCAST_0320_0093.wav
517,MSP-PODCAST_0106_0014.wav
518,MSP-PODCAST_1307_0079.wav
518,MSP-PODCAST_0106_0087.wav
518,MSP-PODCAST_0106_0077.wav
518,MSP-PODCAST_1326_0040_0001.wav
519,MSP-PODCAST_0107_0207.wav
519,MSP-PODCAST_0107_0091.wav
52,MSP-PODCAST_0119_0216.wav
52,MSP-PODCAST_0119_0177.wav
520,MSP-PODCAST_0320_0108.wav
520,MSP-PODCAST_0320_0022.wav
521,MSP-PODCAST_0100_0005.wav
521,MSP-PODCAST_0151_0033.wav
522,MSP-PODCAST_0151_0012.wav
522,MSP-PODCAST_0150_0022.wav
522,MSP-PODCAST_0151_0009.wav
525,MSP-PODCAST_0142_0171.wav
525,MSP-PODCAST_0142_0092.wav
525,MSP-PODCAST_0142_0118.wav
526,MSP-PODCAST_0142_0007.wav
526,MSP-PODCAST_0142_0136.wav
527,MSP-PODCAST_0197_0162.wav
527,MSP-PODCAST_0159_0117.wav
527,MSP-PODCAST_0197_0172.wav
528,MSP-PODCAST_0197_0032.wav
529,MSP-PODCAST_0084_0143.wav
529,MSP-PODCAST_0084_0161.wav
530,MSP-PODCAST_0054_0014.wav
530,MSP-PODCAST_0054_0017.wav
530,MSP-PODCAST_0054_0053.wav
531,MSP-PODCAST_0054_0022.wav
531,MSP-PODCAST_0054_0023.wav
531,MSP-PODCAST_0054_0080.wav
532,MSP-PODCAST_0054_0029.wav
532,MSP-PODCAST_0054_0030.wav
533,MSP-PODCAST_0054_0345.wav
535,MSP-PODCAST_0094_0016.wav
535,MSP-PODCAST_0094_0004.wav
535,MSP-PODCAST_0094_0003.wav
536,MSP-PODCAST_0094_0013.wav
536,MSP-PODCAST_0094_0021.wav
536,MSP-PODCAST_0094_0038.wav
537,MSP-PODCAST_0048_0048.wav
537,MSP-PODCAST_0048_0037.wav
538,MSP-PODCAST_0048_0075.wav
538,MSP-PODCAST_0048_0049.wav
539,MSP-PODCAST_0068_0113.wav
539,MSP-PODCAST_0066_0350.wav
540,MSP-PODCAST_0066_0089.wav
540,MSP-PODCAST_0066_0092.wav
541,MSP-PODCAST_0080_0002.wav
542,MSP-PODCAST_0179_0012.wav
542,MSP-PODCAST_0179_0053.wav
545,MSP-PODCAST_0059_0257.wav
545,MSP-PODCAST_0059_0171.wav
549,MSP-PODCAST_0021_0054.wav
549,MSP-PODCAST_0021_0004.wav
55,MSP-PODCAST_0149_0052.wav
55,MSP-PODCAST_0149_0009.wav
552,MSP-PODCAST_0253_0307.wav
552,MSP-PODCAST_0253_0313.wav
552,MSP-PODCAST_0253_0509.wav
552,MSP-PODCAST_2915_0014.wav
553,MSP-PODCAST_0283_0151.wav
553,MSP-PODCAST_0283_0071.wav
554,MSP-PODCAST_0229_0088.wav
554,MSP-PODCAST_0229_0143.wav
556,MSP-PODCAST_0263_0075.wav
556,MSP-PODCAST_0263_0084.wav
556,MSP-PODCAST_0263_0134.wav
558,MSP-PODCAST_0234_0076.wav
558,MSP-PODCAST_0234_0003.wav
56,MSP-PODCAST_0149_0058.wav
56,MSP-PODCAST_0149_0007.wav
56,MSP-PODCAST_0149_0002.wav
561,MSP-PODCAST_0235_0058.wav
561,MSP-PODCAST_0235_0009.wav
562,MSP-PODCAST_0222_0005.wav
562,MSP-PODCAST_0222_0032.wav
565,MSP-PODCAST_0309_0083.wav
565,MSP-PODCAST_0309_0114.wav
566,MSP-PODCAST_0309_0161.wav
566,MSP-PODCAST_0309_0173.wav
569,MSP-PODCAST_0327_0446.wav
569,MSP-PODCAST_0327_0023.wav
57,MSP-PODCAST_0156_0065.wav
57,MSP-PODCAST_0156_0004.wav
57,MSP-PODCAST_0156_0041.wav
572,MSP-PODCAST_0338_0009.wav
572,MSP-PODCAST_0338_0007.wav
577,MSP-PODCAST_0544_0214.wav
577,MSP-PODCAST_0544_0123.wav
577,MSP-PODCAST_0544_0128.wav
578,MSP-PODCAST_0544_0576.wav
578,MSP-PODCAST_0544_0250.wav
578,MSP-PODCAST_0544_0221.wav
58,MSP-PODCAST_0156_0158.wav
58,MSP-PODCAST_0156_0007.wav
58,MSP-PODCAST_0156_0005.wav
58,MSP-PODCAST_0156_0023.wav
582,MSP-PODCAST_0550_0062.wav
582,MSP-PODCAST_0550_0017.wav
587,MSP-PODCAST_0559_0008.wav
587,MSP-PODCAST_0559_0060.wav
587,MSP-PODCAST_0559_0101.wav
589,MSP-PODCAST_0905_0008.wav
589,MSP-PODCAST_0905_0032.wav
589,MSP-PODCAST_0905_0211.wav
590,MSP-PODCAST_0905_0382.wav
590,MSP-PODCAST_0905_0076.wav
591,MSP-PODCAST_0905_0025.wav
591,MSP-PODCAST_0905_0324.wav
592,MSP-PODCAST_0906_0062.wav
592,MSP-PODCAST_0906_0158.wav
594,MSP-PODCAST_0906_0148.wav
596,MSP-PODCAST_0908_0148.wav
596,MSP-PODCAST_0908_0164.wav
596,MSP-PODCAST_0908_0102.wav
598,MSP-PODCAST_0882_0088_0001.wav
598,MSP-PODCAST_0882_0006_0002.wav
599,MSP-PODCAST_0882_0249.wav
599,MSP-PODCAST_0882_0016_0002.wav
599,MSP-PODCAST_0882_0280_0001.wav
6,MSP-PODCAST_0109_0092.wav
6,MSP-PODCAST_0109_0085.wav
6,MSP-PODCAST_0109_0086.wav
600,MSP-PODCAST_0882_0026_0004.wav
600,MSP-PODCAST_0882_0048_0006.wav
600,MSP-PODCAST_0882_0026_0002.wav
600,MSP-PODCAST_0882_0265_0001.wav
601,MSP-PODCAST_0882_0053_0003.wav
601,MSP-PODCAST_0882_0008_0012.wav
602,MSP-PODCAST_0750_0132.wav
602,MSP-PODCAST_0750_0012.wav
603,MSP-PODCAST_0880_0018_0012.wav
603,MSP-PODCAST_0880_0022_0010.wav
603,MSP-PODCAST_0880_0014_0003.wav
603,MSP-PODCAST_0880_0018_0004.wav
604,MSP-PODCAST_0880_0054_0038.wav
604,MSP-PODCAST_0880_0054_0014.wav
605,MSP-PODCAST_0879_0020_0001.wav
605,MSP-PODCAST_0879_0018.wav
605,MSP-PODCAST_0879_0032_0002.wav
606,MSP-PODCAST_0879_0019_0002.wav
606,MSP-PODCAST_0879_0025_0002.wav
607,MSP-PODCAST_0894_0024_0006.wav
607,MSP-PODCAST_0894_0032_0007.wav
609,MSP-PODCAST_0870_0066_0009.wav
609,MSP-PODCAST_0870_0022_0002.wav
609,MSP-PODCAST_0870_0004.wav
61,MSP-PODCAST_0227_0259.wav
61,MSP-PODCAST_0227_0006.wav
61,MSP-PODCAST_0227_0005.wav
610,MSP-PODCAST_0762_0189.wav
610,MSP-PODCAST_0762_0058.wav
610,MSP-PODCAST_0762_0184.wav
610,MSP-PODCAST_0762_0412.wav
611,MSP-PODCAST_0737_0075_0004.wav
611,MSP-PODCAST_0737_0061_0003.wav
614,MSP-PODCAST_0733_0103_0002.wav
616,MSP-PODCAST_0766_0338.wav
617,MSP-PODCAST_0883_0133_0005.wav
617,MSP-PODCAST_0883_0028_0005.wav
617,MSP-PODCAST_0883_0133_0004.wav
618,MSP-PODCAST_0883_0175.wav
618,MSP-PODCAST_0883_0169.wav
618,MSP-PODCAST_0883_0204.wav
618,MSP-PODCAST_0883_0173.wav
619,MSP-PODCAST_0883_0038.wav
619,MSP-PODCAST_0883_0336_0005.wav
619,MSP-PODCAST_0883_0069.wav
62,MSP-PODCAST_0227_0125.wav
62,MSP-PODCAST_0227_0015.wav
62,MSP-PODCAST_0227_0576.wav
620,MSP-PODCAST_0883_0221.wav
620,MSP-PODCAST_0883_0116.wav
620,MSP-PODCAST_0883_0257.wav
622,MSP-PODCAST_0883_0144.wav
622,MSP-PODCAST_0883_0084_0001.wav
623,MSP-PODCAST_0875_0004_0003.wav
623,MSP-PODCAST_0875_0012_0001.wav
623,MSP-PODCAST_0875_0002_0002.wav
623,MSP-PODCAST_0875_0008_0005.wav
624,MSP-PODCAST_0867_0006_0009.wav
624,MSP-PODCAST_0867_0006_0020.wav
625,MSP-PODCAST_0822_0003.wav
625,MSP-PODCAST_0822_0007.wav
626,MSP-PODCAST_0841_0018_0007.wav
626,MSP-PODCAST_0841_0010_0002.wav
627,MSP-PODCAST_0822_0008_0004.wav
627,MSP-PODCAST_0822_0006_0001.wav
628,MSP-PODCAST_0858_0005_0002.wav
628,MSP-PODCAST_0858_0001_0005.wav
628,MSP-PODCAST_0858_0001_0007.wav
629,MSP-PODCAST_0858_0004_0009.wav
629,MSP-PODCAST_0858_0004_0002.wav
632,MSP-PODCAST_0803_0113.wav
632,MSP-PODCAST_0803_0005.wav
633,MSP-PODCAST_0876_0049_0001.wav
633,MSP-PODCAST_0876_0105_0008.wav
634,MSP-PODCAST_0900_0052.wav
634,MSP-PODCAST_0900_0034.wav
634,MSP-PODCAST_0900_0036.wav
635,MSP-PODCAST_0852_0017_0008.wav
635,MSP-PODCAST_0852_0005_0012.wav
637,MSP-PODCAST_2390_0021.wav
637,MSP-PODCAST_0889_0001_0002.wav
637,MSP-PODCAST_0889_0005_0005.wav
637,MSP-PODCAST_2390_0066.wav
638,MSP-PODCAST_0423_0301.wav
638,MSP-PODCAST_0423_0237.wav
638,MSP-PODCAST_0422_0282.wav
639,MSP-PODCAST_0438_0017.wav
639,MSP-PODCAST_0437_0836.wav
64,MSP-PODCAST_0241_0150.wav
64,MSP-PODCAST_0241_0022.wav
64,MSP-PODCAST_0241_0002.wav
640,MSP-PODCAST_0064_0048.wav
641,MSP-PODCAST_0064_0074.wav
641,MSP-PODCAST_0064_0207.wav
644,MSP-PODCAST_0057_0088.wav
644,MSP-PODCAST_0057_0556.wav
646,MSP-PODCAST_0057_0458.wav
646,MSP-PODCAST_0057_0134.wav
65,MSP-PODCAST_0241_0118.wav
65,MSP-PODCAST_0241_0015.wav
65,MSP-PODCAST_0241_0006.wav
651,MSP-PODCAST_0069_0417.wav
652,MSP-PODCAST_0082_0865.wav
652,MSP-PODCAST_0082_1054.wav
652,MSP-PODCAST_0082_0261.wav
652,MSP-PODCAST_2969_0424.wav
653,MSP-PODCAST_0082_0647.wav
653,MSP-PODCAST_0082_0799.wav
654,MSP-PODCAST_0082_0256.wav
655,MSP-PODCAST_0082_0484.wav
655,MSP-PODCAST_0082_0342.wav
656,MSP-PODCAST_0091_0452.wav
656,MSP-PODCAST_0092_0019.wav
656,MSP-PODCAST_0091_0025.wav
66,MSP-PODCAST_0285_0004.wav
66,MSP-PODCAST_0285_0035.wav
661,MSP-PODCAST_0067_0015.wav
661,MSP-PODCAST_0067_0006.wav
661,MSP-PODCAST_0067_0011.wav
662,MSP-PODCAST_0055_0041.wav
662,MSP-PODCAST_0055_0009.wav
662,MSP-PODCAST_0055_0005.wav
662,MSP-PODCAST_0055_0006.wav
663,MSP-PODCAST_0055_0010.wav
665,MSP-PODCAST_0637_0022.wav
665,MSP-PODCAST_0014_0004.wav
665,MSP-PODCAST_0012_0254.wav
666,MSP-PODCAST_0012_0101.wav
666,MSP-PODCAST_0012_0067.wav
667,MSP-PODCAST_0637_0055.wav
667,MSP-PODCAST_0637_0030.wav
667,MSP-PODCAST_0637_0091.wav
667,MSP-PODCAST_0637_0057.wav
669,MSP-PODCAST_0037_0586.wav
669,MSP-PODCAST_0037_0194.wav
669,MSP-PODCAST_0032_0014.wav
669,MSP-PODCAST_0037_0553.wav
67,MSP-PODCAST_0285_0017.wav
67,MSP-PODCAST_0285_0006.wav
67,MSP-PODCAST_0285_0084.wav
670,MSP-PODCAST_0043_0569.wav
670,MSP-PODCAST_0037_0201.wav
670,MSP-PODCAST_0040_0200.wav
670,MSP-PODCAST_0040_0197.wav
671,MSP-PODCAST_0553_0013.wav
676,MSP-PODCAST_0539_0119.wav
676,MSP-PODCAST_0539_0202.wav
677,MSP-PODCAST_0542_0432.wav
677,MSP-PODCAST_0539_0971.wav
677,MSP-PODCAST_0539_0094.wav
68,MSP-PODCAST_0285_0478.wav
68,MSP-PODCAST_0285_0447.wav
68,MSP-PODCAST_0285_0449.wav
680,MSP-PODCAST_0606_0030.wav
680,MSP-PODCAST_0602_0023.wav
680,MSP-PODCAST_0601_0158.wav
685,MSP-PODCAST_0776_0021.wav
686,MSP-PODCAST_0939_0139.wav
686,MSP-PODCAST_0939_0013.wav
686,MSP-PODCAST_0939_0125.wav
687,MSP-PODCAST_0938_0097.wav
687,MSP-PODCAST_0938_0028.wav
687,MSP-PODCAST_0938_0054.wav
688,MSP-PODCAST_0941_0138.wav
688,MSP-PODCAST_0941_0028.wav
689,MSP-PODCAST_1013_0059.wav
689,MSP-PODCAST_1013_0010.wav
69,MSP-PODCAST_0285_0751.wav
69,MSP-PODCAST_0285_0793.wav
691,MSP-PODCAST_1016_0019.wav
694,MSP-PODCAST_1028_0230.wav
694,MSP-PODCAST_1028_0101.wav
695,MSP-PODCAST_0109_0314.wav
695,MSP-PODCAST_0109_0276.wav
695,MSP-PODCAST_1028_0049.wav
696,MSP-PODCAST_0108_0407.wav
696,MSP-PODCAST_0101_0129.wav
696,MSP-PODCAST_0101_0134.wav
697,MSP-PODCAST_1032_0046.wav
697,MSP-PODCAST_1032_0017.wav
697,MSP-PODCAST_1041_0124.wav
699,MSP-PODCAST_0859_0002_0002.wav
699,MSP-PODCAST_0859_0004_0005.wav
699,MSP-PODCAST_0859_0017_0003.wav
70,MSP-PODCAST_0172_0216.wav
70,MSP-PODCAST_0172_0003.wav
70,MSP-PODCAST_0172_0119.wav
70,MSP-PODCAST_0182_0635.wav
701,MSP-PODCAST_0781_0133.wav
701,MSP-PODCAST_0781_0098.wav
701,MSP-PODCAST_0782_0145.wav
702,MSP-PODCAST_0781_0027.wav
703,MSP-PODCAST_1102_0213.wav
703,MSP-PODCAST_1102_0165.wav
705,MSP-PODCAST_1120_0166.wav
705,MSP-PODCAST_1120_0075.wav
705,MSP-PODCAST_1120_0032.wav
709,MSP-PODCAST_0975_0120.wav
709,MSP-PODCAST_0975_0062.wav
71,MSP-PODCAST_0172_0516.wav
71,MSP-PODCAST_0172_0108.wav
71,MSP-PODCAST_0172_0191.wav
718,MSP-PODCAST_0962_0284.wav
718,MSP-PODCAST_0962_0020.wav
718,MSP-PODCAST_0962_0031.wav
72,MSP-PODCAST_0418_0052.wav
72,MSP-PODCAST_0251_0020.wav
72,MSP-PODCAST_0251_0189.wav
730,MSP-PODCAST_0522_0145.wav
730,MSP-PODCAST_0522_0113.wav
731,MSP-PODCAST_0316_0144.wav
731,MSP-PODCAST_0316_0562.wav
731,MSP-PODCAST_0316_0153.wav
735,MSP-PODCAST_1172_0015_0004.wav
735,MSP-PODCAST_1172_0015_0002.wav
736,MSP-PODCAST_1172_0053.wav
736,MSP-PODCAST_1172_0019_0003.wav
737,MSP-PODCAST_1172_0176_0016.wav
737,MSP-PODCAST_1172_0034_0003.wav
737,MSP-PODCAST_1172_0034_0005.wav
737,MSP-PODCAST_1172_0123_0008.wav
74,MSP-PODCAST_0129_0084.wav
74,MSP-PODCAST_0129_0014.wav
74,MSP-PODCAST_0129_0016.wav
74,MSP-PODCAST_0129_0029.wav
742,MSP-PODCAST_1175_0012_0001.wav
742,MSP-PODCAST_1175_0046.wav
744,MSP-PODCAST_1167_0158.wav
744,MSP-PODCAST_1167_0119.wav
744,MSP-PODCAST_1167_0113.wav
744,MSP-PODCAST_1167_0166.wav
745,MSP-PODCAST_1167_0069.wav
745,MSP-PODCAST_1167_0349.wav
745,MSP-PODCAST_1167_0371.wav
75,MSP-PODCAST_0286_0070.wav
75,MSP-PODCAST_0286_0510.wav
75,MSP-PODCAST_0286_0069.wav
751,MSP-PODCAST_1210_0022.wav
751,MSP-PODCAST_1210_0120_0002.wav
752,MSP-PODCAST_1353_0093_0001.wav
752,MSP-PODCAST_1353_0007.wav
752,MSP-PODCAST_1353_0022.wav
752,MSP-PODCAST_1353_0226_0004.wav
753,MSP-PODCAST_1356_0118_0004.wav
753,MSP-PODCAST_1353_0392.wav
753,MSP-PODCAST_1353_0362_0002.wav
753,MSP-PODCAST_1353_0511_0003.wav
754,MSP-PODCAST_1356_0324.wav
754,MSP-PODCAST_1353_0044_0002.wav
754,MSP-PODCAST_1353_0044_0001.wav
754,MSP-PODCAST_1353_0046_0037.wav
755,MSP-PODCAST_1353_0111_0007.wav
755,MSP-PODCAST_1353_0110.wav
755,MSP-PODCAST_1353_0238.wav
756,MSP-PODCAST_1355_0048_0015.wav
756,MSP-PODCAST_1353_0028_0002.wav
756,MSP-PODCAST_1353_0052.wav
756,MSP-PODCAST_1353_0098.wav
757,MSP-PODCAST_1140_0035.wav
757,MSP-PODCAST_1140_0001_0006.wav
757,MSP-PODCAST_1140_0023.wav
758,MSP-PODCAST_1140_0018_0001.wav
758,MSP-PODCAST_1140_0051_0002.wav
758,MSP-PODCAST_1140_0002.wav
759,MSP-PODCAST_1339_0226.wav
759,MSP-PODCAST_1337_0001_0003.wav
759,MSP-PODCAST_1337_0049.wav
759,MSP-PODCAST_1339_0267.wav
76,MSP-PODCAST_0286_0023.wav
76,MSP-PODCAST_0286_0032.wav
76,MSP-PODCAST_0286_0020.wav
76,MSP-PODCAST_0290_1077.wav
760,MSP-PODCAST_1337_0109_0002.wav
760,MSP-PODCAST_1337_0011_0002.wav
760,MSP-PODCAST_1337_0015.wav
760,MSP-PODCAST_1341_0071_0001.wav
761,MSP-PODCAST_1339_0234_0001.wav
761,MSP-PODCAST_1339_0245_0004.wav
761,MSP-PODCAST_1337_0197.wav
763,MSP-PODCAST_1347_0026.wav
763,MSP-PODCAST_1347_0028.wav
767,MSP-PODCAST_1451_0028_0001.wav
767,MSP-PODCAST_1451_0051_0001.wav
768,MSP-PODCAST_1451_0017_0001.wav
768,MSP-PODCAST_1451_0017_0004.wav
768,MSP-PODCAST_1451_0057_0001.wav
769,MSP-PODCAST_1451_0023_0006.wav
769,MSP-PODCAST_1451_0023_0007.wav
77,MSP-PODCAST_0268_0473.wav
77,MSP-PODCAST_0268_0136.wav
771,MSP-PODCAST_2212_0193.wav
771,MSP-PODCAST_1451_0104_0003.wav
771,MSP-PODCAST_1451_0076_0002.wav
771,MSP-PODCAST_1451_0081_0002.wav
773,MSP-PODCAST_2932_0224.wav
773,MSP-PODCAST_1412_0010.wav
773,MSP-PODCAST_1412_0026_0002.wav
774,MSP-PODCAST_1390_0047_0004.wav
774,MSP-PODCAST_1390_0047_0011.wav
774,MSP-PODCAST_1390_0047_0009.wav
774,MSP-PODCAST_1391_0025_0028.wav
775,MSP-PODCAST_1455_0041_0003.wav
775,MSP-PODCAST_1455_0032_0003.wav
775,MSP-PODCAST_1455_0020_0001.wav
775,MSP-PODCAST_1455_0004.wav
776,MSP-PODCAST_1464_0008_0004.wav
776,MSP-PODCAST_1464_0013.wav
777,MSP-PODCAST_1464_0036_0004.wav
777,MSP-PODCAST_1464_0035.wav
777,MSP-PODCAST_1464_0029.wav
78,MSP-PODCAST_0304_0223.wav
78,MSP-PODCAST_0268_0037.wav
78,MSP-PODCAST_0268_0458.wav
781,MSP-PODCAST_1421_0181.wav
781,MSP-PODCAST_1421_0058_0001.wav
781,MSP-PODCAST_1421_0058_0003.wav
783,MSP-PODCAST_1421_0199_0016.wav
783,MSP-PODCAST_1421_0080.wav
783,MSP-PODCAST_1421_0115_0002.wav
783,MSP-PODCAST_1421_0199_0008.wav
784,MSP-PODCAST_1421_0049.wav
784,MSP-PODCAST_1421_0063.wav
784,MSP-PODCAST_1421_0008.wav
788,MSP-PODCAST_1173_0018_0006.wav
788,MSP-PODCAST_1173_0018_0008.wav
788,MSP-PODCAST_1173_0018_0005.wav
790,MSP-PODCAST_1173_0044_0018.wav
790,MSP-PODCAST_1173_0044_0003.wav
790,MSP-PODCAST_1173_0112_0009.wav
793,MSP-PODCAST_1426_0073_0006.wav
793,MSP-PODCAST_1426_0028_0012.wav
793,MSP-PODCAST_1426_0010.wav
793,MSP-PODCAST_1426_0073_0007.wav
794,MSP-PODCAST_1212_0189_0004.wav
794,MSP-PODCAST_1211_0013_0003.wav
794,MSP-PODCAST_1212_0059.wav
794,MSP-PODCAST_1212_0191_0001.wav
795,MSP-PODCAST_1211_0150_0001.wav
795,MSP-PODCAST_0023_0465.wav
795,MSP-PODCAST_2917_0078.wav
795,MSP-PODCAST_0023_0466.wav
797,MSP-PODCAST_1496_0314_0003.wav
797,MSP-PODCAST_1496_0323_0004.wav
797,MSP-PODCAST_1496_0314_0007.wav
798,MSP-PODCAST_1542_0003_0050.wav
798,MSP-PODCAST_1542_0003_0002.wav
798,MSP-PODCAST_1542_0003_0004.wav
799,MSP-PODCAST_2912_0092.wav
799,MSP-PODCAST_0147_0494.wav
799,MSP-PODCAST_2912_0121.wav
800,MSP-PODCAST_0159_0014.wav
800,MSP-PODCAST_0159_0011.wav
800,MSP-PODCAST_0152_0167.wav
801,MSP-PODCAST_0147_0688.wav
801,MSP-PODCAST_0152_0053.wav
802,MSP-PODCAST_1542_0034_0030.wav
802,MSP-PODCAST_1542_0034_0003.wav
802,MSP-PODCAST_1542_0044.wav
803,MSP-PODCAST_2913_0507.wav
803,MSP-PODCAST_1542_0048_0002.wav
803,MSP-PODCAST_1542_0048_0001.wav
803,MSP-PODCAST_1542_0048_0010.wav
804,MSP-PODCAST_2913_0475.wav
804,MSP-PODCAST_1542_0059_0021.wav
804,MSP-PODCAST_1542_0059_0003.wav
804,MSP-PODCAST_1542_0059_0001.wav
806,MSP-PODCAST_1531_0233.wav
806,MSP-PODCAST_1531_0208.wav
806,MSP-PODCAST_1531_0262_0004.wav
809,MSP-PODCAST_1534_0016.wav
809,MSP-PODCAST_1534_0014.wav
809,MSP-PODCAST_1534_0008.wav
810,MSP-PODCAST_1543_0030.wav
810,MSP-PODCAST_1543_0006.wav
810,MSP-PODCAST_1543_0020_0005.wav
810,MSP-PODCAST_1543_0093.wav
811,MSP-PODCAST_1543_0038_0009.wav
811,MSP-PODCAST_1543_0038_0006.wav
811,MSP-PODCAST_1543_0023.wav
812,MSP-PODCAST_1543_0034.wav
812,MSP-PODCAST_1543_0031.wav
814,MSP-PODCAST_1534_0116_0006.wav
814,MSP-PODCAST_1534_0116_0001.wav
814,MSP-PODCAST_1534_0116_0009.wav
815,MSP-PODCAST_1534_0214.wav
815,MSP-PODCAST_1534_0152.wav
816,MSP-PODCAST_1534_0196.wav
816,MSP-PODCAST_1534_0232_0008.wav
816,MSP-PODCAST_1534_0198.wav
817,MSP-PODCAST_1534_0232_0006.wav
817,MSP-PODCAST_1534_0232_0004.wav
817,MSP-PODCAST_1534_0244.wav
82,MSP-PODCAST_0111_0003.wav
82,MSP-PODCAST_0111_0033.wav
82,MSP-PODCAST_0200_0073.wav
820,MSP-PODCAST_1540_0010.wav
829,MSP-PODCAST_1502_0011_0008.wav
829,MSP-PODCAST_1135_0016_0003.wav
829,MSP-PODCAST_1135_0006_0004.wav
829,MSP-PODCAST_1135_0016_0004.wav
83,MSP-PODCAST_0130_0157.wav
83,MSP-PODCAST_0130_0046.wav
83,MSP-PODCAST_0130_0055.wav
830,MSP-PODCAST_2917_0141.wav
830,MSP-PODCAST_2917_0148.wav
84,MSP-PODCAST_0130_0028.wav
84,MSP-PODCAST_0130_0020.wav
84,MSP-PODCAST_0130_0249.wav
840,MSP-PODCAST_1536_0092.wav
840,MSP-PODCAST_1536_0040.wav
840,MSP-PODCAST_1536_0138_0004.wav
840,MSP-PODCAST_1536_0233_0002.wav
842,MSP-PODCAST_1536_0007.wav
842,MSP-PODCAST_1536_0015.wav
845,MSP-PODCAST_1554_0028_0005.wav
845,MSP-PODCAST_1554_0028_0002.wav
846,MSP-PODCAST_1557_0055_0006.wav
846,MSP-PODCAST_1556_0056_0001.wav
846,MSP-PODCAST_1556_0010_0002.wav
848,MSP-PODCAST_1609_0001.wav
848,MSP-PODCAST_1609_0002_0002.wav
849,MSP-PODCAST_1609_0006_0019.wav
849,MSP-PODCAST_1609_0006_0042.wav
849,MSP-PODCAST_1609_0006_0002.wav
849,MSP-PODCAST_1609_0006_0037.wav
85,MSP-PODCAST_0005_0065.wav
85,MSP-PODCAST_0005_0058.wav
85,MSP-PODCAST_0005_0131.wav
850,MSP-PODCAST_1609_0007_0031.wav
850,MSP-PODCAST_1609_0007_0012.wav
850,MSP-PODCAST_1609_0007_0005.wav
850,MSP-PODCAST_1609_0013_0010.wav
852,MSP-PODCAST_1609_0030_0002.wav
853,MSP-PODCAST_1608_0069_0025.wav
853,MSP-PODCAST_1608_0014_0006.wav
853,MSP-PODCAST_1608_0014_0003.wav
856,MSP-PODCAST_1608_0042_0009.wav
856,MSP-PODCAST_1608_0034.wav
856,MSP-PODCAST_1608_0042_0001.wav
856,MSP-PODCAST_1608_0042_0008.wav
857,MSP-PODCAST_1600_0001_0004.wav
857,MSP-PODCAST_1600_0001_0001.wav
858,MSP-PODCAST_1600_0017.wav
858,MSP-PODCAST_1600_0142_0001.wav
858,MSP-PODCAST_1600_0156_0008.wav
86,MSP-PODCAST_0195_0100.wav
86,MSP-PODCAST_0195_0092.wav
86,MSP-PODCAST_0195_0296.wav
860,MSP-PODCAST_1600_0036.wav
860,MSP-PODCAST_1600_0063.wav
860,MSP-PODCAST_1600_0049.wav
861,MSP-PODCAST_1600_0071_0012.wav
861,MSP-PODCAST_1600_0071_0005.wav
861,MSP-PODCAST_1600_0071_0004.wav
861,MSP-PODCAST_1600_0071_0001.wav
862,MSP-PODCAST_1601_0004.wav
862,MSP-PODCAST_1601_0005_0001.wav
863,MSP-PODCAST_1525_0001_0001.wav
863,MSP-PODCAST_1527_0015_0026.wav
863,MSP-PODCAST_1524_0001_0005.wav
863,MSP-PODCAST_1526_0013_0011.wav
864,MSP-PODCAST_1526_0005_0035.wav
864,MSP-PODCAST_1524_0001_0010.wav
864,MSP-PODCAST_1526_0005_0004.wav
865,MSP-PODCAST_1524_0024_0034.wav
865,MSP-PODCAST_1524_0024_0048.wav
865,MSP-PODCAST_1524_0024_0001.wav
865,MSP-PODCAST_1527_0015_0001.wav
866,MSP-PODCAST_1526_0015_0002.wav
869,MSP-PODCAST_1655_0059_0003.wav
869,MSP-PODCAST_1655_0057.wav
87,MSP-PODCAST_0195_0068.wav
87,MSP-PODCAST_0195_0136.wav
870,MSP-PODCAST_1655_0134.wav
870,MSP-PODCAST_1655_0140_0020.wav
870,MSP-PODCAST_1655_0140_0004.wav
870,MSP-PODCAST_1655_0140_0022.wav
871,MSP-PODCAST_1655_0165_0002.wav
871,MSP-PODCAST_1675_0083_0006.wav
871,MSP-PODCAST_1655_0169.wav
871,MSP-PODCAST_1655_0165_0001.wav
872,MSP-PODCAST_1655_0181.wav
872,MSP-PODCAST_1655_0211_0001.wav
872,MSP-PODCAST_1656_0007.wav
873,MSP-PODCAST_1655_0227_0005.wav
873,MSP-PODCAST_1655_0227_0002.wav
873,MSP-PODCAST_1655_0227_0016.wav
874,MSP-PODCAST_1655_0248_0036.wav
874,MSP-PODCAST_1655_0248_0032.wav
874,MSP-PODCAST_1655_0248_0005.wav
874,MSP-PODCAST_1655_0248_0002.wav
875,MSP-PODCAST_1656_0040_0003.wav
875,MSP-PODCAST_1656_0040_0022.wav
875,MSP-PODCAST_1656_0040_0007.wav
876,MSP-PODCAST_1656_0058_0029.wav
876,MSP-PODCAST_1656_0058_0021.wav
876,MSP-PODCAST_1656_0058_0004.wav
876,MSP-PODCAST_1656_0058_0053.wav
877,MSP-PODCAST_1656_0064_0028.wav
877,MSP-PODCAST_1656_0064_0007.wav
877,MSP-PODCAST_1656_0064_0006.wav
877,MSP-PODCAST_1656_0064_0012.wav
878,MSP-PODCAST_1656_0086.wav
878,MSP-PODCAST_1656_0078_0001.wav
878,MSP-PODCAST_1656_0081_0007.wav
878,MSP-PODCAST_1656_0081_0038.wav
879,MSP-PODCAST_1662_0054_0034.wav
879,MSP-PODCAST_1661_0020_0004.wav
879,MSP-PODCAST_1661_0020_0007.wav
879,MSP-PODCAST_1661_0020_0017.wav
88,MSP-PODCAST_0195_0274.wav
88,MSP-PODCAST_0195_0029.wav
88,MSP-PODCAST_0195_0143.wav
88,MSP-PODCAST_0195_0301.wav
880,MSP-PODCAST_1662_0028.wav
880,MSP-PODCAST_1662_0032_0004.wav
880,MSP-PODCAST_1669_0195.wav
880,MSP-PODCAST_1662_0050_0003.wav
881,MSP-PODCAST_1662_0077.wav
881,MSP-PODCAST_1662_0067_0007.wav
881,MSP-PODCAST_1662_0067_0005.wav
882,MSP-PODCAST_1651_0021.wav
882,MSP-PODCAST_1651_0022.wav
882,MSP-PODCAST_1661_0007.wav
882,MSP-PODCAST_1661_0012_0004.wav
883,MSP-PODCAST_1662_0227_0006.wav
883,MSP-PODCAST_1662_0206_0002.wav
883,MSP-PODCAST_1662_0206_0003.wav
885,MSP-PODCAST_1645_0067.wav
885,MSP-PODCAST_1645_0010_0002.wav
885,MSP-PODCAST_1645_0010_0001.wav
886,MSP-PODCAST_1645_0102_0001.wav
886,MSP-PODCAST_1645_0095.wav
886,MSP-PODCAST_1645_0094.wav
886,MSP-PODCAST_1645_0110_0011.wav
887,MSP-PODCAST_1645_0137_0001.wav
887,MSP-PODCAST_1645_0118.wav
887,MSP-PODCAST_1645_0168_0001.wav
888,MSP-PODCAST_1645_0199.wav
888,MSP-PODCAST_1645_0201.wav
889,MSP-PODCAST_1668_0051.wav
889,MSP-PODCAST_1668_0009.wav
889,MSP-PODCAST_1668_0049_0001.wav
89,MSP-PODCAST_0101_0006.wav
89,MSP-PODCAST_0101_0019.wav
89,MSP-PODCAST_0101_0001.wav
89,MSP-PODCAST_0101_0010.wav
890,MSP-PODCAST_1668_0067_0030.wav
890,MSP-PODCAST_1668_0067_0002.wav
890,MSP-PODCAST_1668_0067_0012.wav
890,MSP-PODCAST_1668_0076.wav
891,MSP-PODCAST_1668_0106_0003.wav
891,MSP-PODCAST_1668_0106_0020.wav
891,MSP-PODCAST_1668_0106_0001.wav
891,MSP-PODCAST_1668_0106_0005.wav
892,MSP-PODCAST_1668_0118_0003.wav
892,MSP-PODCAST_1668_0118_0005.wav
892,MSP-PODCAST_1668_0118_0006.wav
892,MSP-PODCAST_1668_0118_0034.wav
893,MSP-PODCAST_1667_0101_0004.wav
893,MSP-PODCAST_1669_0014.wav
893,MSP-PODCAST_1667_0101_0008.wav
894,MSP-PODCAST_1669_0007.wav
894,MSP-PODCAST_1669_0066_0004.wav
895,MSP-PODCAST_1669_0036.wav
895,MSP-PODCAST_1669_0032.wav
895,MSP-PODCAST_1669_0075_0003.wav
896,MSP-PODCAST_1669_0097_0010.wav
896,MSP-PODCAST_1669_0097_0004.wav
896,MSP-PODCAST_1669_0097_0009.wav
897,MSP-PODCAST_1669_0164_0002.wav
897,MSP-PODCAST_1669_0167.wav
897,MSP-PODCAST_1669_0164_0003.wav
897,MSP-PODCAST_1669_0182.wav
898,MSP-PODCAST_1666_0010_0023.wav
898,MSP-PODCAST_1666_0010_0007.wav
898,MSP-PODCAST_1666_0010_0004.wav
898,MSP-PODCAST_1666_0010_0024.wav
899,MSP-PODCAST_1666_0019_0009.wav
899,MSP-PODCAST_1666_0019_0002.wav
899,MSP-PODCAST_1666_0018.wav
899,MSP-PODCAST_1666_0027_0002.wav
90,MSP-PODCAST_0216_0169.wav
90,MSP-PODCAST_0271_0057.wav
900,MSP-PODCAST_1666_0053_0006.wav
900,MSP-PODCAST_1666_0042_0004.wav
900,MSP-PODCAST_1666_0042_0002.wav
900,MSP-PODCAST_1666_0058_0014.wav
901,MSP-PODCAST_1648_0026.wav
901,MSP-PODCAST_1648_0029_0003.wav
901,MSP-PODCAST_1648_0014.wav
901,MSP-PODCAST_1648_0042_0006.wav
903,MSP-PODCAST_1607_0008.wav
903,MSP-PODCAST_1607_0025_0002.wav
905,MSP-PODCAST_1660_0011_0023.wav
905,MSP-PODCAST_1660_0011_0003.wav
905,MSP-PODCAST_1660_0011_0014.wav
905,MSP-PODCAST_1660_0011_0031.wav
906,MSP-PODCAST_1660_0061_0025.wav
906,MSP-PODCAST_1660_0055_0002.wav
906,MSP-PODCAST_1660_0058_0001.wav
907,MSP-PODCAST_1659_0016.wav
907,MSP-PODCAST_1659_0010.wav
907,MSP-PODCAST_1659_0011.wav
908,MSP-PODCAST_1659_0052_0008.wav
908,MSP-PODCAST_1659_0031.wav
908,MSP-PODCAST_1659_0049_0004.wav
908,MSP-PODCAST_1659_0049_0010.wav
909,MSP-PODCAST_1659_0065_0013.wav
909,MSP-PODCAST_1659_0065_0005.wav
909,MSP-PODCAST_1659_0067_0041.wav
91,MSP-PODCAST_0216_0472.wav
91,MSP-PODCAST_0216_0250.wav
91,MSP-PODCAST_0271_0448.wav
911,MSP-PODCAST_1659_0091_0001.wav
911,MSP-PODCAST_1659_0091_0011.wav
911,MSP-PODCAST_1659_0091_0006.wav
912,MSP-PODCAST_1650_0007_0003.wav
912,MSP-PODCAST_1650_0044_0002.wav
912,MSP-PODCAST_1671_0040_0002.wav
914,MSP-PODCAST_1650_0032.wav
914,MSP-PODCAST_1650_0033_0001.wav
914,MSP-PODCAST_1650_0033_0003.wav
915,MSP-PODCAST_1650_0039_0017.wav
915,MSP-PODCAST_1650_0039_0014.wav
915,MSP-PODCAST_1650_0039_0003.wav
915,MSP-PODCAST_1650_0039_0026.wav
916,MSP-PODCAST_1650_0047_0035.wav
916,MSP-PODCAST_1650_0047_0003.wav
916,MSP-PODCAST_1650_0047_0001.wav
916,MSP-PODCAST_1650_0047_0011.wav
917,MSP-PODCAST_1698_0061.wav
917,MSP-PODCAST_1698_0046.wav
917,MSP-PODCAST_1698_0010.wav
917,MSP-PODCAST_1698_0024.wav
918,MSP-PODCAST_1698_0065.wav
918,MSP-PODCAST_1698_0110.wav
919,MSP-PODCAST_1698_0212.wav
919,MSP-PODCAST_1698_0030.wav
92,MSP-PODCAST_0216_0185.wav
92,MSP-PODCAST_0216_0443.wav
920,MSP-PODCAST_1563_0001_0004.wav
920,MSP-PODCAST_1563_0001_0003.wav
920,MSP-PODCAST_1566_0060_0001.wav
921,MSP-PODCAST_1566_0038.wav
921,MSP-PODCAST_1566_0021.wav
921,MSP-PODCAST_1566_0005.wav
923,MSP-PODCAST_1675_0019_0008.wav
923,MSP-PODCAST_1675_0016_0002.wav
923,MSP-PODCAST_1675_0019_0007.wav
923,MSP-PODCAST_1675_0019_0018.wav
924,MSP-PODCAST_1651_0056_0012.wav
924,MSP-PODCAST_1651_0050_0006.wav
924,MSP-PODCAST_1651_0050_0002.wav
924,MSP-PODCAST_1651_0050_0011.wav
925,MSP-PODCAST_1671_0064.wav
925,MSP-PODCAST_1671_0063.wav
926,MSP-PODCAST_1671_0123_0046.wav
926,MSP-PODCAST_1671_0123_0002.wav
926,MSP-PODCAST_1671_0123_0015.wav
926,MSP-PODCAST_1671_0123_0018.wav
927,MSP-PODCAST_1651_0103.wav
927,MSP-PODCAST_1651_0099.wav
928,MSP-PODCAST_1686_0001_0001.wav
928,MSP-PODCAST_1686_0001_0003.wav
928,MSP-PODCAST_1686_0001_0010.wav
929,MSP-PODCAST_1687_0173_0003.wav
929,MSP-PODCAST_1687_0008.wav
929,MSP-PODCAST_1687_0020_0008.wav
929,MSP-PODCAST_1687_0086.wav
93,MSP-PODCAST_0216_0142.wav
93,MSP-PODCAST_0216_0235.wav
93,MSP-PODCAST_0216_0087.wav
930,MSP-PODCAST_1693_0062.wav
930,MSP-PODCAST_1692_0008.wav
930,MSP-PODCAST_1692_0017.wav
930,MSP-PODCAST_1694_0045.wav
932,MSP-PODCAST_1693_0259_0002.wav
932,MSP-PODCAST_1693_0259_0001.wav
933,MSP-PODCAST_1686_0013_0002.wav
933,MSP-PODCAST_1686_0008.wav
933,MSP-PODCAST_1686_0137_0001.wav
934,MSP-PODCAST_1652_0006_0007.wav
934,MSP-PODCAST_1652_0006_0006.wav
934,MSP-PODCAST_1652_0016_0012.wav
935,MSP-PODCAST_1652_0062.wav
935,MSP-PODCAST_1652_0039.wav
935,MSP-PODCAST_1652_0059_0004.wav
935,MSP-PODCAST_2918_1058.wav
936,MSP-PODCAST_1622_0002_0150.wav
936,MSP-PODCAST_1622_0002_0009.wav
936,MSP-PODCAST_1622_0002_0006.wav
936,MSP-PODCAST_1622_0002_0036.wav
937,MSP-PODCAST_1622_0002_0109.wav
937,MSP-PODCAST_1614_0002_0001.wav
937,MSP-PODCAST_1614_0002_0016.wav
937,MSP-PODCAST_1624_0040.wav
938,MSP-PODCAST_1644_0075.wav
938,MSP-PODCAST_1644_0034_0002.wav
938,MSP-PODCAST_1644_0209.wav
939,MSP-PODCAST_1644_0092_0001.wav
939,MSP-PODCAST_1644_0152_0004.wav
939,MSP-PODCAST_1644_0023_0001.wav
939,MSP-PODCAST_1644_0092_0003.wav
940,MSP-PODCAST_1644_0035_0002.wav
940,MSP-PODCAST_1644_0151_0003.wav
941,MSP-PODCAST_1644_0002.wav
941,MSP-PODCAST_1644_0217.wav
942,MSP-PODCAST_1670_0010_0002.wav
942,MSP-PODCAST_1670_0010_0003.wav
942,MSP-PODCAST_1670_0010_0023.wav
943,MSP-PODCAST_1670_0015_0007.wav
943,MSP-PODCAST_1670_0015_0032.wav
943,MSP-PODCAST_1670_0015_0002.wav
943,MSP-PODCAST_1670_0015_0053.wav
944,MSP-PODCAST_1670_0023_0025.wav
944,MSP-PODCAST_1670_0021_0002.wav
944,MSP-PODCAST_1670_0021_0005.wav
944,MSP-PODCAST_1670_0021_0004.wav
945,MSP-PODCAST_1614_0002_0125.wav
945,MSP-PODCAST_1614_0002_0011.wav
945,MSP-PODCAST_1614_0002_0004.wav
945,MSP-PODCAST_1614_0002_0072.wav
946,MSP-PODCAST_1649_0026.wav
946,MSP-PODCAST_1649_0023_0003.wav
947,MSP-PODCAST_1649_0106_0011.wav
947,MSP-PODCAST_1649_0100.wav
947,MSP-PODCAST_1649_0106_0002.wav
948,MSP-PODCAST_1649_0150_0005.wav
948,MSP-PODCAST_1649_0132_0002.wav
948,MSP-PODCAST_1649_0135.wav
948,MSP-PODCAST_1649_0150_0004.wav
949,MSP-PODCAST_1665_0061_0013.wav
949,MSP-PODCAST_1665_0050_0004.wav
949,MSP-PODCAST_1665_0052.wav
950,MSP-PODCAST_1665_0158_0005.wav
950,MSP-PODCAST_1665_0144.wav
950,MSP-PODCAST_1665_0158_0006.wav
950,MSP-PODCAST_1665_0158_0002.wav
951,MSP-PODCAST_1658_0021_0008.wav
951,MSP-PODCAST_1658_0004.wav
951,MSP-PODCAST_1658_0021_0007.wav
951,MSP-PODCAST_1658_0007_0004.wav
952,MSP-PODCAST_1658_0056.wav
952,MSP-PODCAST_1658_0058_0002.wav
952,MSP-PODCAST_1658_0058_0005.wav
953,MSP-PODCAST_1658_0086_0012.wav
953,MSP-PODCAST_1658_0086_0004.wav
953,MSP-PODCAST_1658_0086_0001.wav
953,MSP-PODCAST_1658_0086_0026.wav
955,MSP-PODCAST_1672_0071_0001.wav
955,MSP-PODCAST_1672_0071_0005.wav
955,MSP-PODCAST_1672_0071_0002.wav
956,MSP-PODCAST_1672_0095.wav
956,MSP-PODCAST_1672_0094_0005.wav
956,MSP-PODCAST_1672_0094_0004.wav
957,MSP-PODCAST_1667_0018_0022.wav
957,MSP-PODCAST_1667_0018_0005.wav
957,MSP-PODCAST_1667_0018_0011.wav
957,MSP-PODCAST_1667_0018_0007.wav
958,MSP-PODCAST_1667_0042_0007.wav
958,MSP-PODCAST_1667_0042_0003.wav
958,MSP-PODCAST_1667_0057.wav
959,MSP-PODCAST_1657_0005_0020.wav
959,MSP-PODCAST_1657_0005_0009.wav
959,MSP-PODCAST_1657_0005_0005.wav
959,MSP-PODCAST_1657_0005_0007.wav
960,MSP-PODCAST_1657_0035.wav
960,MSP-PODCAST_1657_0034_0002.wav
960,MSP-PODCAST_1657_0026.wav
960,MSP-PODCAST_1657_0066_0003.wav
961,MSP-PODCAST_1689_0023.wav
961,MSP-PODCAST_1689_0001.wav
961,MSP-PODCAST_1689_0085_0001.wav
962,MSP-PODCAST_1689_0014_0015.wav
962,MSP-PODCAST_1689_0014_0013.wav
962,MSP-PODCAST_1689_0014_0003.wav
963,MSP-PODCAST_1689_0020_0017.wav
963,MSP-PODCAST_1689_0020_0001.wav
964,MSP-PODCAST_1689_0008_0002.wav
964,MSP-PODCAST_1689_0040_0002.wav
966,MSP-PODCAST_1661_0090_0001.wav
966,MSP-PODCAST_1661_0090_0002.wav
967,MSP-PODCAST_1661_0142_0009.wav
967,MSP-PODCAST_1661_0142_0002.wav
969,MSP-PODCAST_1703_0167_0005.wav
969,MSP-PODCAST_1703_0117.wav
969,MSP-PODCAST_1703_0126.wav
970,MSP-PODCAST_1653_0013_0003.wav
970,MSP-PODCAST_1653_0013_0004.wav
970,MSP-PODCAST_1653_0013_0017.wav
971,MSP-PODCAST_1688_0037_0005.wav
971,MSP-PODCAST_1688_0037_0001.wav
972,MSP-PODCAST_1688_0097.wav
972,MSP-PODCAST_1688_0008.wav
973,MSP-PODCAST_1688_0049_0019.wav
973,MSP-PODCAST_1688_0049_0004.wav
973,MSP-PODCAST_1688_0049_0007.wav
975,MSP-PODCAST_1676_0007_0005.wav
975,MSP-PODCAST_1676_0007_0002.wav
977,MSP-PODCAST_1692_0116_0003.wav
977,MSP-PODCAST_1692_0134_0005.wav
977,MSP-PODCAST_1692_0116_0002.wav
978,MSP-PODCAST_1624_0045.wav
978,MSP-PODCAST_1624_0011_0001.wav
979,MSP-PODCAST_1639_0078.wav
979,MSP-PODCAST_1636_0038.wav
979,MSP-PODCAST_1636_0011.wav
979,MSP-PODCAST_1639_0038_0002.wav
980,MSP-PODCAST_1639_0041_0002.wav
980,MSP-PODCAST_1639_0035_0003.wav
980,MSP-PODCAST_1639_0015_0002.wav
980,MSP-PODCAST_1639_0062_0010.wav
982,MSP-PODCAST_1702_0024.wav
982,MSP-PODCAST_1702_0018.wav
982,MSP-PODCAST_1702_0206.wav
983,MSP-PODCAST_1702_0060_0010.wav
983,MSP-PODCAST_1702_0035_0003.wav
983,MSP-PODCAST_1702_0001_0001.wav
983,MSP-PODCAST_1702_0242.wav
984,MSP-PODCAST_1700_0136.wav
984,MSP-PODCAST_1700_0086.wav
985,MSP-PODCAST_1628_0017_0041.wav
985,MSP-PODCAST_1628_0017_0014.wav
985,MSP-PODCAST_1628_0013_0001.wav
986,MSP-PODCAST_1619_0004.wav
986,MSP-PODCAST_1619_0007_0001.wav
987,MSP-PODCAST_1619_0018_0010.wav
987,MSP-PODCAST_1619_0018_0001.wav
987,MSP-PODCAST_1619_0018_0012.wav
988,MSP-PODCAST_1621_0011_0009.wav
988,MSP-PODCAST_1621_0011_0002.wav
989,MSP-PODCAST_1613_0024_0023.wav
989,MSP-PODCAST_1613_0023.wav
99,MSP-PODCAST_0172_0446.wav
99,MSP-PODCAST_0172_0463.wav
99,MSP-PODCAST_0172_0401.wav
991,MSP-PODCAST_1629_0028_0003.wav
991,MSP-PODCAST_1629_0016_0002.wav
991,MSP-PODCAST_1629_0007.wav
992,MSP-PODCAST_1637_0010_0002.wav
992,MSP-PODCAST_1637_0002.wav
993,MSP-PODCAST_1654_0027_0007.wav
993,MSP-PODCAST_1654_0025.wav
993,MSP-PODCAST_1654_0026.wav
993,MSP-PODCAST_1654_0013.wav
995,MSP-PODCAST_1641_0014_0014.wav
995,MSP-PODCAST_1641_0014_0004.wav
995,MSP-PODCAST_1641_0014_0006.wav
996,MSP-PODCAST_1640_0032_0004.wav
996,MSP-PODCAST_1640_0004.wav
997,MSP-PODCAST_1630_0026_0006.wav
997,MSP-PODCAST_1630_0002.wav
997,MSP-PODCAST_1630_0022_0004.wav
