speaker,file
01,Ohm_01_034_00.wav
01,Ohm_01_033_00.wav
01,Ohm_01_015_00.wav
01,Ohm_01_039_00.wav
01,Ohm_01_037_00.wav
02,Ohm_02_110_04.wav
02,Ohm_02_013_00.wav
02,Ohm_02_003_00.wav
02,Ohm_02_017_03.wav
02,Ohm_02_009_00.wav
03,Ohm_03_034_00.wav
03,Ohm_03_007_00.wav
03,Ohm_03_000_00.wav
03,Ohm_03_048_00.wav
03,Ohm_03_029_00.wav
04,Ohm_04_015_00.wav
04,Ohm_04_023_00.wav
04,Ohm_04_010_00.wav
04,Ohm_04_025_00.wav
04,Ohm_04_033_00.wav
05,Ohm_05_092_00.wav
05,Ohm_05_053_00.wav
05,Ohm_05_002_00.wav
05,Ohm_05_011_00.wav
05,Ohm_05_016_00.wav
06,Ohm_06_053_00.wav
06,Ohm_06_026_00.wav
06,Ohm_06_004_00.wav
06,Ohm_06_054_00.wav
06,Ohm_06_020_00.wav
07,Ohm_07_037_00.wav
07,Ohm_07_025_00.wav
07,Ohm_07_017_00.wav
07,Ohm_07_145_00.wav
07,Ohm_07_024_00.wav
08,Ohm_08_013_00.wav
08,Ohm_08_000_00.wav
08,Ohm_08_001_02.wav
08,Ohm_08_002_01.wav
08,Ohm_08_001_00.wav
10,Ohm_10_028_00.wav
10,Ohm_10_021_01.wav
10,Ohm_10_002_00.wav
10,Ohm_10_023_01.wav
10,Ohm_10_027_00.wav
11,Ohm_11_099_00.wav
11,Ohm_11_016_00.wav
11,Ohm_11_011_00.wav
11,Ohm_11_010_00.wav
11,Ohm_11_028_00.wav
13,Ohm_13_045_00.wav
13,Ohm_13_019_00.wav
13,Ohm_13_002_00.wav
13,Ohm_13_065_02.wav
14,Ohm_14_013_00.wav
14,Ohm_14_014_00.wav
14,Ohm_14_000_00.wav
14,Ohm_14_216_00.wav
14,Ohm_14_016_00.wav
16,Ohm_16_064_00.wav
16,Ohm_16_005_00.wav
16,Ohm_16_003_00.wav
16,Ohm_16_050_00.wav
16,Ohm_16_049_00.wav
18,Ohm_18_009_00.wav
18,Ohm_18_017_01.wav
18,Ohm_18_002_00.wav
18,Ohm_18_002_01.wav
18,Ohm_18_004_00.wav
19,Ohm_19_038_02.wav
19,Ohm_19_009_00.wav
19,Ohm_19_000_00.wav
19,Ohm_19_008_00.wav
19,Ohm_19_014_00.wav
20,Ohm_20_102_00.wav
20,Ohm_20_027_00.wav
20,Ohm_20_004_00.wav
20,Ohm_20_184_00.wav
21,Ohm_21_014_00.wav
21,Ohm_21_011_00.wav
21,Ohm_21_000_00.wav
21,Ohm_21_006_00.wav
21,Ohm_21_009_00.wav
22,Ohm_22_070_00.wav
22,Ohm_22_023_00.wav
22,Ohm_22_000_00.wav
22,Ohm_22_083_00.wav
22,Ohm_22_020_00.wav
23,Ohm_23_038_00.wav
23,Ohm_23_011_00.wav
23,Ohm_23_010_00.wav
23,Ohm_23_095_00.wav
23,Ohm_23_021_01.wav
24,Ohm_24_045_00.wav
24,Ohm_24_010_00.wav
24,Ohm_24_009_00.wav
24,Ohm_24_086_01.wav
24,Ohm_24_007_00.wav
25,Ohm_25_034_00.wav
25,Ohm_25_029_00.wav
25,Ohm_25_006_00.wav
25,Ohm_25_019_00.wav
25,Ohm_25_007_00.wav
27,Ohm_27_119_01.wav
27,Ohm_27_017_00.wav
27,Ohm_27_000_00.wav
27,Ohm_27_003_03.wav
27,Ohm_27_037_01.wav
28,Ohm_28_054_00.wav
28,Ohm_28_013_00.wav
28,Ohm_28_000_00.wav
28,Ohm_28_112_00.wav
28,Ohm_28_062_00.wav
29,Ohm_29_018_00.wav
29,Ohm_29_028_00.wav
29,Ohm_29_001_00.wav
29,Ohm_29_022_00.wav
29,Ohm_29_006_00.wav
